100.038,140439
200.362,139500
144.921,139788
163.934,128884
177.34,141041
199.911,140808
260.311,140580
237.951,140215
253.012,129122
299.849,143733
271.84,140319
308.098,135154
323.2,128963
352.374,140924
452.872,138046
406.339,128635
489.003,140887
563.372,128592
577.431,143720
628.468,136694
660.34,142301
734.899,126150
757.129,139802
828.412,133432
831.541,126929
845.988,128649
876.292,128498
890.938,142215
947.654,128617
937.018,133509
978.033,137219
1035.24,144809
1058.46,129523
1050.41,141728
1079.69,129782
1120.07,136417
1133.46,136315
1128.61,128869
1153.59,127299
1139.13,129060
1174.59,130970
1239.13,132317
1205.3,126285
1217.64,139992
1259.95,129557
1275.11,130827
1299.05,143648
1362.8,128947
1384.97,126094
1419.11,138913
1452.43,133593
1491.45,139939
1515.47,134081
1551.63,131105
1534.85,127687
1549.22,142394
1564.09,133338
1591.71,140286
1588.02,145025
1605.96,131435
1657.04,130063
1666.42,137519
1717.04,141789
1703.82,139471
1714.04,140211
1795.63,135985
1841.3,143311
1877.02,130415
1884.84,130833
1869.42,137556
1920.59,123048
1893.83,137123
1962.48,130924
1942.51,140960
1981.32,143285
1991,139563
2018,135626
2010.91,125637
2043.34,130570
1999.17,147005
2042.85,145057
2060.66,142083
2084.82,146841
2147.75,143057
2131.13,141908
2154.28,125757
2199.16,129028
2217.49,136967
2184.95,146644
2241.7,129518
2229.64,141723
2224,131959
2266.73,145269
2306.21,136750
2340.47,145663
2326.84,145872
2368.2,138019
2479.11,136360
2460.31,134406
2529.26,140981
2537.12,143689
2548.19,128257
2595.2,145389
2601.1,144057
2542.24,135275
2619.32,131587
2595.06,138713
2627.13,124118
2650.82,131154
2672.36,126690
2698.69,125686
2742.06,146286
2724.41,130162
2779.05,125778
2763.84,130911
2760.34,137730
2818.51,124167
2799.36,130052
2815.37,124597
2844.77,134194
2806.85,140159
2823.93,130148
2856.09,122138
2822.08,127016
2901.45,126488
2928.8,134370
2945.37,125011
2934.92,122254
2973.75,139629
3030.08,146048
2965.11,128888
2979.31,144960
3027.88,145210
3084.24,127993
3109.29,147177
3118.03,128507
3145.21,139140
3136.93,138602
3147.97,140076
3200.6,133320
3198.13,134475
3201.3,144640
3216.94,133422
3201.77,141158
3243.39,130354
3309.99,144453
3343.14,145842
3321.06,121966
3307.98,134002
3313.02,131816
3363.14,131397
3374.98,126953
3350.91,146329
3362.93,146444
3385.19,145589
3495.52,126402
3498.9,144526
3530.71,147201
3550.26,138806
3557.12,139670
3581.1,138917
3569.75,138668
3600.41,139824
3598.85,146727
3629.3,140963
3651.61,146421
3669.35,145716
3658,139709
3713,129788
3694.37,140716
3728.49,131939
3800.81,132883
3764.46,142461
3771.11,146462
3835.75,144063
3834.05,131699
3866.27,140148
3877.25,146393
3862.68,147166
3902.46,135174
3915.82,140276
3938.55,144520
3944.28,142732
4022.73,126510
3998.42,136453
3988.27,137763
4066.95,123909
4053.08,145569
4095.57,148428
4046.88,142292
4085.12,122986
4129.62,138093
4146.45,143792
4179.08,133342
4220.64,130850
4226.12,140174
4218.85,141944
4192.8,144605
4221.75,126289
4236.19,130181
4269.48,145006
4283.48,144444
4258.32,129141
4313.28,122672
4308.05,127013
4330.16,146575
4339.65,130493
4332.68,128995
4358.77,130644
4353.59,130840
4411.48,137104
4396.63,120707
4423.29,144630
4437.24,132934
4481.01,145616
4481.95,139327
4464.14,122954
4548.98,127790
4545.71,133218
4550.98,138961
4568.01,128216
4598.08,144222
4603.9,139051
4568.94,132443
4596.84,148675
4621.57,123180
4638.76,125185
4649.67,145916
4639.66,141595
4661.72,119968
4619.92,126586
4688.11,146684
4676.82,147214
4691.23,141500
4733.51,126422
4749.85,139456
4708.43,141796
4747.91,141190
4792.96,147183
4819.53,134966
4822.28,129891
4858.15,148421
4866.47,137859
4851.17,144795
4865.16,129427
4925.75,143639
4924.42,124259
4939.44,143920
4933.51,144679
4925.26,146620
4960.39,145236
4976.79,131060
4997.88,136256
5062.17,137138
5067.44,148371
5073.65,144430
5082.03,126698
5101.53,135152
5120.98,147709
5158.08,147142
5177.89,143827
5164.59,145086
5177.14,146740
5235.01,143433
5223.71,146643
5243.06,144563
5253.28,147286
5259.78,148548
5276.55,135419
5268.52,139354
5318.71,145404
5341,146603
5381.59,138081
5382.54,137102
5361.21,148916
5421.05,145226
5442.75,137180
5399.29,138315
5495.53,128777
5453.34,139454
5521.19,147346
5557.26,131676
5558.18,130609
5633.92,144834
5689.44,137679
5675.55,146674
5710.39,143388
5686.49,146576
5717.63,146234
5764.1,145680
5760.44,130682
5764.76,138756
5726.44,139001
5762.1,145951
5774.49,149895
5798.28,136728
5795.54,132322
5829.32,122932
5835.11,149624
5840.83,140066
5869.41,125810
5835.7,140128
5920.32,125691
5910.77,149173
5936.11,144683
5975.66,150567
5980.16,149423
6031.7,145938
6083.64,142056
6038.94,138262
6070.95,120773
6114.86,133839
6099.36,146299
6074.63,143530
6175.68,131129
6185.64,124103
6211.61,148114
6206.65,146505
6211.55,146209
6216.15,145908
6235.21,143227
6218.04,137111
6269.29,123008
6249.45,145168
6262.84,142393
6289.51,119569
6302.49,147607
6328.07,116881
6307.41,127281
6343.08,148871
6374.97,142135
6372.58,147906
6405.67,117265
6444.26,134522
6412.8,145427
6468.11,123659
6439.87,123782
6433.63,115887
6457.95,146159
6505.09,145786
6487.58,137696
6498.02,146871
6481.89,139989
6514.17,148403
6545.74,148285
6574.08,121876
6559.61,143610
6588.96,122372
6645.01,115501
6572.9,144813
6581.75,131189
6663.42,145766
6646.03,147440
6656.41,147235
6639.7,130635
6695.68,135868
6701.56,118231
6712.93,145431
6677.33,148716
6692.83,120883
6727.16,130449
6738.29,129957
6783.19,137955
6759.22,147175
6833.9,123188
6811.52,137114
6788.18,138455
6843.76,147480
6842.71,143479
6857.48,145702
6907.49,143781
6907.96,142719
6879.63,148212
6905.58,136539
6943.4,127462
6912.88,128007
6952.66,137955
6951.53,147648
6985.93,145857
6981.01,125064
6971.65,137568
7002.83,144715
7015.8,136258
7064.85,117935
7060.01,143263
7085.52,123473
7119.51,147988
7149.11,148160
7154.2,137799
7189.09,132465
7227.64,143190
7241.73,137460
7238.86,130789
7229.9,147629
7264.64,132270
7252.42,145118
7276.4,151146
7287.51,146302
7301.08,150344
7329.11,144200
7320.45,128977
7348.16,148129
7354.43,134338
7373.33,148963
7384.66,119640
7409.27,133670
7403.37,147973
7391.63,142678
7432.07,117158
7438.31,142967
7449.94,122912
7493.62,145395
7489.83,150180
7510.4,143312
7496.93,128495
7507.1,133590
7527.02,145067
7531.03,142954
7587.25,118132
7625.07,145455
7645.32,127866
7610.64,124222
7623.98,131241
7625.87,145824
7627.96,150402
7634.12,147354
7703.47,151162
7689.08,126864
7685.31,144453
7651.47,146618
7685.1,148283
7720.09,146485
7755.97,119408
7739.78,120944
7778.75,143053
7802.31,144272
7795.17,147047
7798.63,138339
7767.75,148678
7795.57,127695
7797.67,148099
7784.2,148895
7823.2,141256
7830.72,149216
7820.67,151099
7880.5,140505
7907.21,129384
7909.67,149044
7910.45,130299
7897.74,128824
7899.49,148911
7920.06,149813
7914.75,120855
7955.92,129568
7986.61,116773
7974.74,150330
7959.63,149228
7977.96,147139
7994.67,144296
8023.62,117044
8035.99,144587
7998.8,125898
8066.34,143945
8038.33,127767
8061.28,130216
8089.38,144733
8097.67,147902
8093.74,145337
8111.79,135593
8123.84,149332
8107.07,139235
8102.42,145520
8123.71,148250
8140.73,137103
8184.72,133877
8266.02,146234
8294.08,123336
8311.62,126640
8280.96,144954
8307.58,139861
8324.15,150011
8339.07,148301
8342.32,150153
8335.39,144788
8384.53,127328
8374.77,125767
8395.81,142479
8397.62,143662
8418.73,138824
8416.71,130203
8422.48,148612
8451.81,139031
8476.03,146143
8486.05,145361
8490.52,142796
8535.01,127842
8521.11,150403
8522.11,133400
8536.17,136263
8555.85,147277
8586.02,149634
8557.48,119619
8586.75,145287
8581.52,150122
8620.09,143679
8628.62,144725
8670.32,141015
8640.87,144826
8653.71,137864
8699.81,145964
8729.06,145710
8704.91,149362
8704.96,149107
8725.93,147484
8735.56,118363
8748.46,140084
8751.89,149770
8783.26,121041
8796.15,146993
8820.51,120450
8826.08,146501
8842.46,127105
8842.08,135415
8886.3,146658
8857.28,124207
8883.02,150953
8858.08,145430
8907,142345
8923.49,140034
8949.61,145259
8931.12,147133
8945.71,138280
8993.08,132944
8967.09,144876
8957.69,118230
9000.26,126673
9036.85,144688
9039.78,148440
9055.45,143630
9039.85,148156
9104.21,116875
9095.08,141832
9137.16,135566
9143.52,148677
9178.27,146917
9104.84,139351
9149.69,148293
9193.23,131541
9198.13,140532
9216.09,142619
9218.71,144743
9240.29,147800
9255.1,145934
9352.25,145908
9331.21,130294
9330.93,137445
9335.14,146911
9424.25,133373
9406.61,145144
9380.52,136116
9416.26,150694
9418.8,122614
9459.38,118113
9439.37,128454
9445.02,124865
9419.46,149906
9439.15,145431
9450.95,134363
9483.31,148655
9503.34,150568
9497.29,148009
9483.89,132698
9492.58,144567
9506.15,144967
9504.86,146347
9521.98,144720
9523.3,144810
9506.4,149322
9558,133038
9541.41,149873
9544.65,134407
9558.83,130044
9565.64,147643
9590.41,145227
9618.59,149356
9653.68,122883
9640.99,137321
9682.09,132802
9640.65,144400
9675.39,138977
9696.27,147919
9682.8,149036
9728.35,117735
9729.08,122341
9707.71,146640
9769.39,121121
9806.45,146560
9811.47,148421
9801.09,125754
9839,147677
9829.05,145994
9867.6,121362
9844.62,119013
9847.97,148184
9880.2,148004
9869.47,148116
9881.52,134850
9852.79,125385
9863.98,148263
9907.34,149073
9901.59,142970
9927.43,144322
9910.95,125743
9938.89,137968
9964.94,138570
9957.42,132739
10021.8,116184
10037.8,135726
10029.3,147272
10034.7,145695
10034.6,147174
10035,144376
10065.2,144762
10073.4,149099
10107.1,132874
10103,149747
10099.7,140747
10092.7,129807
10117.4,121930
10158.4,130862
10148.4,133194
10145.7,135486
10195.8,149141
10211.4,129172
10221.9,147665
10222.8,123729
10212,129302
10281.1,140618
10265.2,148237
10281.3,146662
10295,148624
10286,146018
10301.8,124335
10328.6,140056
10321,143381
10317.1,130743
10356.9,145779
10344.9,143634
10361.6,148706
10419.2,143492
10385.9,128235
10397.6,144054
10431.7,147172
10444.6,150113
10474.1,147298
10430.1,145926
10483.6,130150
10490.4,150755
10502.2,133788
10569.6,144271
10544.3,147155
10559.2,138459
10518.5,143286
10600.7,151256
10567.1,122376
10647.3,148227
10660.5,120837
10632.6,135047
10717.1,135157
10729.9,120974
10777.9,150184
10764.2,150931
10787.8,135593
10782.2,147193
10800.6,146533
10770.8,122946
10821.6,150344
10819.4,120839
10814.1,131561
10823.7,145662
10838.8,134220
10846,147080
10836.5,130690
10850.1,148763
10902.7,129037
10867.6,131663
10890.6,150092
10871.8,140737
10884.8,129764
10922.5,142908
10901,151096
10942.8,149620
10975.1,131086
10999.2,146612
10982.4,120645
10984.6,141062
10979.9,116137
11015.9,116066
11066.1,145421
11120.5,135929
11103.8,149950
11108.3,147695
11102.5,126498
11135.6,150960
11126.9,113995
11152.1,132266
11157.4,116924
11151.6,150087
11194,139751
11191.8,146174
11185.7,149845
11204.4,115199
11217,151495
11211.4,145368
11228.3,148102
11212.5,143861
11245.5,148675
11217,117206
11220.2,124424
11266.6,145186
11323.7,146433
11311.8,149812
11313.2,125558
11280.6,132869
11321,142520
11334,150043
11324.5,148759
11421.1,146250
11379.5,150596
11375.3,150873
11381.3,114214
11390.2,149222
11423.3,149911
11404.3,148969
11420.9,149061
11401.5,129212
11392.5,148263
11446.3,138244
11423.9,145979
11414.6,134608
11430.9,125828
11451.4,147858
11450.7,132473
11449.4,148705
11492.6,129119
11494.4,126969
11505,148210
11497.5,135635
11475.5,142238
11516.7,149715
11524,144705
11511,133234
11566.2,145962
11577.5,149343
11560.4,132646
11600.9,125887
11660.8,116579
11641.3,143507
11686.6,114967
11641.9,148863
11638.6,115096
11657.2,150598
11677.5,124468
11668.6,139631
11670.7,125561
11696.2,140398
11703.9,151761
11696.7,126656
11709.6,117134
11764.5,132735
11700.9,136403
11762.4,128763
11783.9,137955
11747.6,126156
11787.9,148539
11820,137654
11844.4,146818
11828.9,147725
11855.8,148259
11852.5,149906
11855.6,149605
11864.9,148096
11865.4,121568
11854.3,140337
11868.8,115644
11897.6,123705
11885.1,147458
11903.1,146177
11925.4,114899
11931.7,129247
11959.3,131446
11950.8,146032
11962.2,141052
11945.6,122152
11971.3,131335
11989.1,149156
11959.8,148662
11985.2,114815
11968.6,128399
11993.6,137222
12025.4,125103
11986.8,145859
12043.7,123570
12053.5,148769
12049.1,144347
12070.6,136462
12044.5,128418
12095,150174
12090.3,135505
12102.7,121283
12064.6,145876
12086.7,147652
12103.5,152100
12059.7,149748
12148.9,115216
12112.4,151512
12138.8,127444
12134.1,125042
12136.2,138884
12171.5,122274
12165.2,128374
12162.5,121375
12184,141522
12201.4,142921
12223.4,125292
12180.4,148752
12204.5,141231
12216.4,149716
12244.3,131884
12224.6,146900
12225.6,128610
12237.8,125049
12276.3,114877
12260.6,144346
12275.9,121424
12278.1,125789
12294.1,149515
12307.8,148414
12277.4,149221
12300.2,139684
12340.4,142774
12369.6,148618
12312.7,141198
12382.4,144033
12409,130518
12391.6,133192
12431.8,134217
12413.5,122846
12449.9,150720
12426.1,121916
12428.9,146146
12462.7,129917
12475.9,118621
12474.4,115335
12450,123270
12483.9,142199
12499.1,127654
12501.1,146006
12477.3,118809
12480.8,144580
12492.5,121194
12462.5,123865
12496.3,144898
12534.6,124994
12475.2,126115
12498.5,149595
12523.5,148215
12531.7,115665
12513,143559
12584.4,121879
12542.4,131402
12606.8,149625
12613.4,149175
12619.4,122565
12627.4,122991
12619.4,148938
12685.7,149956
12647.8,140538
12737.8,121118
12718.6,140572
12749.5,148025
12757.8,130911
12821.5,142098
12790.3,149082
12809.7,149455
12806.2,129589
12837.3,149695
12832.9,147640
12820.6,118843
12802.8,137776
12843.8,139851
12829,132879
12878.5,141532
12840.5,135568
12852.7,151520
12839.4,152056
12884.7,148847
12858.7,148035
12888.3,142585
12873.4,128718
12945.5,149079
12941.6,133340
12939.3,126781
12921.6,115074
12963.2,145623
12977.7,119071
12973.9,148038
13007.5,123314
13065.2,144998
13034.2,120078
13045.2,123713
13019.2,143987
13051.8,138711
13178.1,135320
13089.8,130872
13154.8,151146
13140.8,149544
13119.5,145571
13155.6,133900
13188.3,126385
13139.5,152064
13187.7,146479
13177.1,144525
13247.9,151323
13238,116292
13215.4,123089
13268.5,145803
13267.7,125062
13261.4,142921
13271.2,149898
13277.6,149164
13287.2,131045
13263.5,147667
13284.5,146040
13299.2,147160
13286.2,113812
13284,147906
13327.6,149499
13346.5,147283
13326.1,138976
13336.4,150695
13331,142392
13345.8,149996
13391.8,116243
13354.1,124785
13376.7,131310
13383.1,123584
13401.7,118068
13392.6,146156
13422.6,125518
13381.5,136416
13429.3,114852
13434.9,114944
13474.8,118917
13437,137559
13480.1,149313
13458.8,142758
13464.2,148827
13487,150006
13512.4,149518
13490,123127
13484.7,150976
13507.2,151201
13513,147905
13525.8,148301
13528.5,120880
13549.2,114476
13540,150596
13510.2,137935
13545.1,139031
13553.9,125094
13575.7,144265
13571.4,124959
13605.3,149466
13643.4,138071
13628.2,148206
13645.9,119662
13673,137258
13664.1,128603
13662.1,145466
13674.3,146526
13646.9,132270
13679.2,124404
13670,141892
13682.3,143650
13688.6,151944
13694.7,148552
13724.4,143096
13748,139803
13793.8,144346
13748.1,149271
13771.4,148034
13785.9,150267
13824.7,121446
13804.7,139605
13784.9,122434
13808.5,122332
13825.9,124564
13818.5,149163
13818.2,129156
13798.7,150150
13865.1,128571
13876.4,143391
13876.2,143023
13887.7,141811
13859.9,149959
13904.3,151978
13955.9,124475
13935.1,147009
13983.8,146716
14010,147545
13996.8,146360
14005.5,151115
14031.2,149863
14040.8,142801
14025.8,150124
14084.4,152392
14061.9,120468
14100.1,130746
14091.4,125467
14165.8,131298
14157.6,139472
14158.6,120209
14163.2,147682
14169.6,147365
14232.1,136281
14309.4,130252
14284.2,147115
14273.4,144448
14276.4,149247
14346.8,152018
14327.6,148848
14349.7,136381
14346.3,146275
14371.9,145709
14365,150650
14384.4,150313
14417,145413
14416.7,150573
14437.7,124488
14403.6,148654
14462.3,149307
14501.6,149169
14466.5,144814
14477.2,128247
14489.7,122306
14469.7,122463
14483.5,142293
14496.2,145055
14458.2,148409
14482.2,150633
14521.5,150226
14496.5,149599
14522.7,115171
14557.1,150581
14585.6,129184
14581.4,130994
14567.7,143564
14603.8,125846
14588.4,151404
14572.1,142477
14582,144301
14651.1,149311
14603,129075
14627.8,123774
14664.5,141818
14626.7,140539
14678.8,140478
14657.3,148295
14676.2,147076
14708.9,142349
14693.2,128303
14678.6,144559
14672.9,149873
14701.9,123055
14734.8,150644
14722.4,121367
14745.8,146191
14724.4,150028
14730.9,122633
14797.1,133335
14794.4,129594
14810.7,149987
14799.6,144088
14844.1,143665
14843,145406
14908.1,130377
14928.1,120726
14957.6,146687
14892.3,139915
14923,125531
14964.3,149968
14999,145065
14987.3,135206
14996.9,150271
15028.2,151093
15004.2,149725
15060.5,143495
15010.4,131568
15061.6,149527
15040.1,140112
15053.7,126147
15083.3,150746
15096,143289
15143.9,123552
15138.8,116398
15124.9,127080
15171.5,149398
15153.2,134016
15156,125060
15192.5,122840
15227.4,141161
15220.3,146330
15233.3,123965
15272.4,149297
15286,147411
15295.7,149086
15326.5,126396
15313.2,115678
15330,124243
15373.7,131962
15367.7,151300
15369.6,127431
15375.3,150454
15386.5,141847
15381.9,143767
15416.6,145259
15444.7,142311
15449.8,145468
15470.8,151489
15517.3,144102
15546.8,148193
15516.7,133079
15542.5,146704
15557.6,129084
15552,118226
15581.1,151564
15583.7,123632
15608.5,148927
15608.8,148381
15630.4,142705
15612.8,128754
15651,119805
15655.8,140655
15670.1,122671
15647,146961
15668.3,138499
15692.9,122113
15736.7,148566
15768.3,145458
15768.7,113692
15792.1,121622
15829.5,141881
15809,150846
15815.6,140123
15841.3,138250
15838,148164
15872.9,122965
15869.7,130203
15909.9,151494
15921.2,149931
15927.4,130118
15913.9,150101
15943.4,125429
15928.6,147130
15930.6,149500
15942.8,133191
15941.4,146667
15964.3,150442
15969.8,150786
15994.3,145214
16008.1,149369
15970.4,137436
16040.6,113306
16005.2,125717
15999.6,141874
16044.7,151175
16029.1,146207
16031.3,139885
16059,121833
16037.8,127264
16042.9,120512
16063.6,125471
16123.4,131882
16086.1,124794
16115,150179
16069.4,115355
16106.5,133530
16131.4,127358
16159.7,113065
16126.3,145864
16162.4,149695
16184.4,150388
16202.2,150942
16220.4,112174
16191.4,148289
16217.7,147177
16231.7,124289
16232.3,145149
16238.5,138189
16236.8,150560
16287.5,147598
16269.7,148044
16283.6,149656
16292.8,140676
16319.3,118384
16329.8,150732
16336.3,149078
16352.4,138751
16312.7,148230
16326.7,130628
16376.6,143141
16367.4,130565
16375.8,126887
16378.8,147857
16390.6,148287
16369.5,149711
16361.2,114093
16359.7,150165
16383.3,144369
16411.8,132477
16410.9,113903
16440.8,133501
16444.8,151053
16466.8,132002
16510.2,112556
16482.3,126480
16498.7,144331
16504.5,139178
16560.2,151081
16546.6,148641
16523.6,148545
16559.1,142412
16581.6,125524
16599.5,141678
16590.9,149957
16576.9,140840
16579.6,149529
16667,138425
16635.6,144528
16608.8,140707
16676,134585
16625.2,114193
16680.1,149173
16730.5,150737
16705.2,127451
16687.1,114347
16704.5,142580
16721.1,149785
16736.8,117036
16754.8,114255
16740.7,151282
16758.3,124236
16774,146081
16788.8,121093
16816.8,124902
16763.7,126976
16777.3,145374
16798.8,129104
16810.9,112636
16797.3,112786
16833.8,144658
16859.8,145772
16873.9,124319
16876.3,127430
16863.1,130131
16868.2,138499
16898.8,125221
16892.4,141527
16892.7,148678
16936.9,139824
16950.4,146145
16950.1,149400
16947,140499
16952.8,126741
16975.4,127268
16980.3,128908
17000.8,140004
17011,118905
17026.6,125602
17056.3,147369
17053.9,148703
17069.5,140579
17078.3,138424
17068.5,150548
17084.4,129546
17123.9,129128
17108.3,125211
17118.9,129895
17133.6,116838
17177.3,151401
17159.1,113298
17168.3,120439
17195.6,130066
17175.9,143123
17202.1,126571
17193,148829
17188,151526
17212.2,140733
17221.5,136752
17240.9,112383
17267.7,149867
17267.1,135689
17301,123433
17252.6,141396
17278.9,142249
17291.6,149439
17354.6,147732
17338.1,140454
17341.8,134596
17337.7,137846
17359,120693
17384,142442
17418.3,146807
17429.6,134717
17414.3,126172
17424.2,137361
17423.5,146574
17449.7,123353
17441.2,148532
17488,140258
17466.2,150763
17487.4,116779
17458.6,125903
17527.2,142738
17519.7,126483
17514.1,147865
17486.4,143982
17547.1,129827
17521.5,134588
17552.9,149552
17568.7,147299
17565.5,137554
17539,129500
17598.9,119662
17596.5,124648
17615.3,139516
17598.1,142365
17622.6,142672
17643,134592
17677.9,151333
17696.9,122049
17697.5,150599
17704.3,152118
17689.7,142792
17708.3,140176
17722.4,142497
17756.5,139578
17756.8,124552
17748.5,137794
17787.6,147616
17790.2,119340
17826.1,121009
17860.6,123691
17842.9,152081
17810.4,143523
17862.6,141507
17904.7,141414
17874.8,118317
17929.9,149243
17924.8,119762
17951,121107
17939.1,124054
17977,130301
17990,119856
17995.7,143863
17983.3,152400
17938.8,149609
17994.2,123924
17985.4,145572
18017.8,130407
18003.1,140364
18007.4,124935
18088,123995
18071.1,149472
18071.8,139949
18073.7,125509
18112.9,148584
18103.8,137624
18073.7,149868
18083.9,124905
18131.2,125611
18124.1,141866
18122.1,141126
18139.3,134708
18150.2,136683
18111.6,140208
18150.6,114346
18177.9,147269
18130.3,146974
18165.2,119995
18161.6,143034
18171.6,125298
18192.5,130253
18201.5,149662
18207.6,145201
18231.8,124810
18188.3,137522
18190.3,130968
18207.9,123134
18243.4,144808
18233.6,133564
18268,137599
18334.9,149936
18319.5,134561
18307.4,128589
18320.7,141931
18332.9,130030
18312.8,139671
18351.8,146263
18357.4,134447
18340,149683
18341.3,144116
18333,146879
18377.4,142123
18346.3,137628
18393.6,122586
18401.1,130624
18418.6,142822
18397,144825
18432.8,150539
18437.5,146339
18495.3,139387
18462.9,132874
18510.5,119434
18516.7,126490
18501.5,131570
18472.2,124690
18552.6,140844
18538.7,144969
18516.7,132710
18563.4,129335
18563.5,140974
18559.7,141460
18592.5,123416
18610.1,145115
18615.4,132165
18599.2,119414
18630.7,142934
18652.3,150696
18647.9,125226
18703.4,136531
18651.3,126862
18672,129091
18659.4,128307
18648,141449
18675.5,141300
18682.7,126271
18758.6,147152
18708.8,145195
18721,125322
18741.3,127470
18759.5,143436
18766,140551
18757.6,131271
18746.7,128540
18774.3,134030
18795.6,150676
18779.7,131439
18804.9,138128
18838,130438
18867,149912
18865.6,132177
18854.7,136403
18846.2,118950
18877.7,120349
18895,144848
18916.7,126078
18907.2,121656
18894.6,127740
18905.7,113541
18930.7,150321
18954.9,150594
18963.3,135183
18966.5,127915
18987.8,145115
18985,143236
19022.9,144663
19049.1,131039
19002.1,142353
19006.6,126863
19022.2,147306
18994,152396
19032.6,151125
19029.9,152310
19041.3,143765
19048.7,138595
19059.9,150533
19140.4,126541
19091,125745
19080.3,123299
19080.8,134341
19103.4,124301
19108.9,126430
19106.8,120278
19121.1,123888
19176,139633
19133.1,138736
19107.8,131896
19121.8,145972
19150,147459
19170.5,150819
19154.7,135087
19186.4,143729
19217.2,144729
19207.3,140631
19238.4,145520
19262.5,146396
19264.2,144558
19275.6,142502
19275.4,149495
19265.7,143393
19307.6,111549
19294.8,146486
19327.5,139638
19359.8,147276
19366.9,143977
19384.3,112683
19380.2,151288
19404.5,149507
19399,120807
19402,124091
19465.7,142935
19457.6,150601
19488.7,144571
19471.8,113978
19483.4,139839
19530.4,133812
19531.2,145266
19550.6,149482
19547.8,127759
19543.8,125201
19549.8,131717
19579.8,144200
19575.8,136928
19605,138630
19627.3,142042
19642.3,113840
19619.2,141030
19679.2,131106
19678.4,143773
19668.3,131679
19703.1,152179
19715.7,138405
19718.6,142179
19747.7,138560
19767.9,137879
19812.9,121863
19781.3,141010
19818.8,145425
19830.5,123861
19863.5,142248
19835.2,140668
19851.7,129314
19861.2,117542
19864.8,151968
19843.5,149019
19863,132656
19867.8,118317
19849.5,122500
19887.1,150173
19868.1,144942
19886.3,136464
19883.6,146677
19934.3,139945
19916.9,131691
19975.7,145041
19994.8,137701
19983.7,150722
20004.3,139749
19993,147583
20019.8,127032
20039.1,151603
20044.3,118057
20119.1,124908
20131.3,125537
20130.7,130505
20147.3,142236
20154.1,140219
20124.1,134684
20157.7,112217
20147,119807
20192.2,125754
20218.9,131147
20219,126370
20240.8,143188
20230,142834
20224.1,136948
20228.1,142587
20227.4,131497
20246.6,145348
20284.7,148116
20277.2,139546
20248.8,129039
20269.6,125210
20275.5,139034
20266.1,149452
20315.5,115811
20290.7,136762
20300.9,142286
20383.2,126022
20376.1,126225
20389.3,140847
20407.5,138552
20402.9,151948
20464.7,127719
20488.2,133037
20466.7,130038
20456.5,124265
20507.3,147541
20466.2,115125
20480.4,149593
20504.6,142950
20504.5,128165
20557.3,122557
20556.4,142525
20595.3,148696
20600.3,133644
20643.5,139433
20659.9,148933
20662,143131
20685.5,149720
20704.5,138620
20706.2,127050
20755,148585
20746.2,134499
20782,148173
20810,141377
20830.7,138503
20810.5,125391
20861.3,148649
20907.3,127331
20872.2,128574
20889.5,127213
20887.4,133548
20889,138090
20946.5,140434
20926.3,135156
20895.5,130065
20952.4,142903
21021.9,132757
21057.5,137394
21041,144784
21047,124220
21092.4,122512
21105.1,118962
21106.4,151609
21094.4,145110
21162,125330
21170.6,145426
21145.7,123769
21131.5,127432
21159.2,145041
21174.5,148807
21161.5,121007
21151.7,125685
21157.8,131447
21176,127134
21212.7,132595
21244.2,123732
21191.4,111873
21288.1,147115
21320.1,137339
21297.8,119319
21343.9,124349
21335.2,148789
21324.2,124484
21338.1,148569
21387.3,125765
21355.4,145046
21428.3,149335
21399.5,146922
21383.5,147702
21378.6,136815
21424.7,136882
21420.2,125486
21439.3,142403
21452,141627
21469.9,133873
21468.7,144972
21497,121469
21507.4,127087
21461,146666
21490.3,147026
21490.1,131016
21535,129574
21535.2,133353
21510.8,133129
21537.7,129289
21551.1,127913
21537.3,147693
21548.5,121687
21575.7,122799
21543.4,127297
21576.6,136483
21539.2,146495
21560.4,139272
21587.5,149033
21616.8,115796
21630,130693
21621.8,136045
21642.8,146472
21667.8,144484
21648.2,121505
21672,138268
21670.4,143506
21674.9,136289
21686.8,142652
21653.5,147091
21716,123871
21741.6,134808
21739.6,112175
21757.1,141922
21779.8,146453
21763,128297
21783.5,145511
21812,141534
21793.4,136078
21829,142261
21805.2,138009
21837,112212
21866.6,151153
21898.2,147285
21888.9,149664
21895.3,146131
21923.4,123222
21938.6,146672
21962.2,141401
21948.1,126933
21982.9,115629
21977.7,145276
22019.1,140288
22031.4,127137
22001.1,140372
22032.9,132014
22113,146601
22079,126357
22097.5,112207
22146.9,146061
22121.2,140996
22128.1,140865
22162,141806
22184,129384
22163,116923
22159.7,152710
22174.4,126643
22172.5,124300
22209.8,146806
22207.4,133902
22224.1,125761
22213.4,138275
22187.8,142425
22198.8,111710
22207.3,142753
22233.6,125943
22280.5,133533
22263.5,139703
22284.5,136736
22277.8,149577
22328.5,143717
22289.2,145874
22327.1,136116
22303,123316
22295.9,134829
22349.1,127084
22355.7,141027
22364.6,124847
22378.1,111863
22397.3,144251
22396,141396
22414,124360
22389.4,118494
22392.3,144124
22409.4,129534
22405.5,146941
22418.5,137014
22452.5,139400
22440,151161
22481,115292
22529.4,127352
22486.9,147543
22516.8,147279
22552.6,125193
22561,124176
22566,148412
22542.6,139539
22568.6,141464
22604.6,118204
22573.5,136180
22595.3,125763
22603.8,147972
22584.4,129281
22593.7,149689
22629.4,131277
22652.1,111832
22647,144179
22620.2,136797
22667.4,149583
22666.6,125108
22709.3,126445
22679.7,141916
22680.7,133937
22714,139882
22730.7,145764
22742.9,143057
22774.7,148731
22773.5,125445
22813.6,120631
22801.4,125044
22815.3,136756
22891.8,136501
22883.4,138006
22867.5,150161
22927,138655
22905.1,125204
22944.8,146528
22976.7,124602
22967.7,126580
22965.5,146741
22982.6,134192
22991.9,145767
22972.1,126750
22989.5,141825
22970.9,135942
22994.5,141370
22996.2,143782
23001.4,125956
23005.1,126918
22979.7,144994
23065,131883
23054,138015
23073,132946
23094.9,141793
23128,118544
23112.1,129723
23167.7,122060
23107.1,119863
23173.5,145253
23204.2,146663
23256.9,142130
23254.4,127161
23253.6,141271
23240.8,135117
23211.3,125971
23230.8,144324
23229.3,147957
23286.8,132468
23282.9,122813
23283.7,127483
23309.9,129494
23349.5,126496
23359.2,116090
23363.2,129434
23350.5,147215
23402.9,128225
23403.6,132781
23403.1,144057
23390.3,147401
23442.9,146453
23451.3,149239
23438.3,129613
23449.6,131518
23435.1,129140
23430.6,143056
23466.4,125003
23470.2,117721
23467.1,141502
23458.2,147192
23467.8,142582
23483.1,126767
23498.8,132420
23510,140224
23502.6,126606
23514,134066
23584.6,138772
23562.3,142215
23613.2,126685
23577.7,141229
23668.3,134724
23650.9,118298
23669.9,146241
23671.3,142744
23685.1,131985
23710,153005
23709.9,133290
23745,129198
23733.2,138021
23720.9,146356
23737.9,144581
23742.7,115559
23747.5,146497
23798.3,126919
23787.1,126745
23763.7,140670
23819.2,122377
23802.5,129448
23830.4,121986
23838.2,121125
23838.4,127323
23829.8,130965
23838.1,123919
23867.9,119479
23843,129254
23873.3,129094
23873.2,117259
23871.2,140306
23914.3,139973
23883.1,144518
23870,133799
23927,134566
23948.3,121682
23941.2,138714
23944,144161
23924.8,144986
23967.2,122615
23958.6,118124
24006.3,129130
23984.4,144528
24059.4,128795
24051.4,126473
23966.5,133096
23972.6,147115
24013.5,139207
24024.1,115835
24009.3,118369
24076.4,137816
24060.7,134608
24113.7,152793
24113.9,143008
24137.6,121838
24157.9,146047
24140.1,142714
24146.3,145938
24188.1,130089
24168.4,134068
24169.1,139114
24192.1,136045
24180.9,127521
24200.7,123666
24221.6,125323
24219.5,147633
24215.8,126313
24236.4,124224
24213.2,152899
24236.3,135760
24276.7,152722
24297.1,121183
24293,141384
24263.7,131280
24280.5,142674
24321.2,147259
24361.7,128627
24335.3,125422
24317.7,122035
24329.9,134657
24353.5,133954
24317.9,141177
24319.8,129109
24355.8,125310
24388,117768
24376.3,135271
24367.9,143372
24407.7,120284
24395.2,129429
24387.8,129210
24391.6,120676
24416.8,119447
24430.5,141899
24505.8,151741
24484.7,152803
24506.2,138366
24470,141453
24466.2,137566
24488.3,147458
24490.4,142282
24526.2,121494
24473,147867
24514.2,139324
24503.6,133226
24513.6,125144
24534.7,124695
24570.1,122984
24522.7,145013
24565.2,143507
24582.4,143254
24599,144906
24559.9,145108
24576.2,150295
24570.9,122166
24624.7,123963
24639.2,120944
24623.8,123708
24596.5,141164
24611.3,147062
24606.2,117612
24653.1,127218
24665.2,133474
24658.8,146564
24681.6,128407
24697.1,122049
24712.2,113591
24738.7,134471
24708.8,138811
24729.7,122419
24741.7,113718
24739,135453
24789.1,125913
24765.5,152397
24807.7,132179
24816.4,137117
24845.2,135768
24902.1,121548
24845.2,126334
24892.5,125021
24847.8,123449
24901.6,121293
24875,140086
24932.9,129370
24925,138530
24915.6,139599
24914.8,150081
24898.2,122388
24946.8,133702
24951.9,126692
24907.6,146266
24955.9,131246
24981.7,123898
24984.7,124866
24951,146573
24960.6,127230
25032.3,117198
25026,133013
25026.6,138901
25098.6,144924
25090.1,128070
25091.6,120873
25121.1,131426
25117.7,138124
25151,141641
25158.4,138026
25143.4,138701
25160.1,124377
25173.2,131161
25185.3,133246
25238.8,141870
25191.4,132797
25220.1,121419
25244,148046
25270,143339
25261.2,152870
25280.7,136232
25245.4,126476
25268.8,147470
25245.4,138472
25301.2,137783
25274.7,121347
25286.2,151966
25273.7,134060
25276.5,119370
25302.3,141567
25305.1,140493
25311.1,138451
25305.3,142803
25330.2,135387
25372.3,121269
25339.4,150515
25352,123363
25361.5,129180
25358.2,145478
25360.5,145595
25418.4,118313
25382.5,137294
25368,140375
25405.4,128475
25380.6,121831
25414.2,142619
25390.4,146441
25413.3,117819
25409,143358
25415.1,140194
25413,146600
25427.2,139344
25412.6,124846
25443.3,141660
25485.5,152495
25477.7,145461
25528.1,134687
25527.2,140516
25532.7,143992
25528.7,141133
25558.1,143792
25561.1,119384
25534.4,152639
25563.5,145180
25538.7,146522
25603.5,124963
25606.4,141364
25618.8,145906
25604.7,142672
25626.6,142109
25609.4,144304
25629.4,136711
25635.8,136522
25643.6,118478
25638.2,121268
25683.9,129107
25683.6,142434
25696.4,144790
25703.1,137620
25681.5,144273
25739.1,138024
25760.3,129823
25717.8,124228
25752.3,140380
25769.6,140602
25752.9,146324
25774.5,118818
25817.2,142528
25844.5,115551
25848.1,143497
25873.3,145484
25877,130713
25871.7,151044
25903.3,138606
25885.8,146880
25876.6,117320
25867.6,151961
25910.4,147921
25911.2,140932
25925.1,134312
25979.3,151973
25992,116121
25990.4,118140
25985,117344
25986.2,138369
26018.2,140953
26079.7,136483
26053.3,109667
26082.4,128253
26035.7,143702
26081.4,132015
26081.2,147429
26101,143029
26128.5,148326
26116.8,137692
26142.8,143810
26184.2,123801
26195.7,146970
26232.8,139745
26234,116119
26239.7,130893
26219.7,118364
26249.6,148879
26296.9,130343
26291.6,132642
26317,128952
26350,139170
26334.4,131928
26312.1,140240
26360.8,129331
26355.2,118467
26367.4,140357
26373.3,136524
26347.6,130254
26368.1,142270
26410.7,136179
26385.2,149933
26388.5,140238
26418.1,147038
26449.1,130094
26450.1,133644
26424.2,137143
26473,118839
26450.1,129768
26443.7,142343
26467.6,137708
26465.9,128199
26496.5,140926
26495.3,131045
26531.4,122541
26529.3,135993
26510.2,118573
26520,129310
26533.7,122680
26559.9,152350
26595.9,152250
26612.3,152697
26615.4,152032
26573.9,149849
26577.7,137462
26577.8,152956
26629.6,150751
26629.1,142423
26631.2,136237
26663.6,134749
26700.4,120525
26718.5,152410
26714.9,142949
26720.6,147531
26731.4,122367
26739.4,141601
26764.3,130111
26786.4,152492
26768.6,119891
26783.6,137147
26780.5,143129
26794.5,132912
26800.7,130290
26841.2,139674
26821.9,151552
26873.9,123384
26822.5,133322
26843.3,119608
26812.7,149818
26891.9,125914
26844.2,131682
26875.9,149270
26893.9,140680
26890.1,142122
26909.3,118189
26917,139469
26916,141932
26963.2,118512
26936.8,133172
26945.1,150903
26969.8,118788
26986.7,139341
27016.9,147211
27018.6,136629
27000.7,141654
27083.3,127580
27047.4,138418
27062.3,140769
27093.9,150609
27090.8,138273
27076.7,140664
27084.3,133400
27047,152154
27097.5,135598
27122.3,136207
27126.7,141196
27143.7,138549
27131.1,142795
27197.7,123650
27175.1,139901
27177.5,140473
27189,119725
27215.1,133775
27216.2,131462
27270.8,127854
27252.1,151189
27252.5,128167
27251.3,131074
27304.4,138217
27296.4,131668
27250.7,123170
27290.5,121930
27282.9,118044
27293.8,133180
27270.1,150989
27278.3,130157
27301.1,137557
27300.3,141729
27329.5,148652
27313.3,151364
27313,151080
27388.4,132782
27352.6,141410
27382.1,152046
27383.2,139770
27360.2,150097
27384.2,123862
27416.6,140046
27419.2,147015
27420,109469
27452,145816
27443.5,133092
27454,120170
27461.1,125535
27447.1,137339
27442.7,140859
27513.4,147643
27488.3,120300
27494.5,135293
27541.6,115716
27471.6,122931
27539.4,142445
27536.2,137082
27532.2,141477
27503.3,135478
27529.2,147496
27548,152721
27570.6,113923
27566.6,124441
27545.9,141347
27601.8,121970
27583.2,153081
27642.6,141555
27645.6,118931
27634.3,138657
27687.6,137670
27677,152583
27694.8,145302
27724.9,108970
27721.3,124736
27744.8,153160
27739.6,142738
27744.9,144077
27730.4,124218
27727,148746
27769.4,124086
27747.4,135712
27748.8,149655
27768.7,152204
27776,124273
27790.3,142877
27792.7,150592
27788.3,149822
27771.6,141449
27827.9,139455
27806.8,150411
27838.9,123783
27827.3,142073
27861.1,128810
27887.1,151536
27893.7,132679
27891.2,143018
27929.2,131485
27913,151825
27966.9,137363
27979.1,149209
27987.9,109513
27991.7,139566
27992,144164
27992.1,144938
28000.6,136660
28005.4,151509
28010.5,127485
28039.9,151206
28039.4,124039
28043.9,144785
28044.7,148504
28070.5,148100
28040.6,151040
28029.4,142670
28038.5,149318
28080.8,127657
28085.6,147390
28096.9,123249
28074,142870
28079,149704
28089.5,134271
28107,144875
28140.9,121548
28100.3,129241
28162.8,143755
28171.4,129160
28137.5,143405
28153.6,149810
28213.5,137239
28270.4,151467
28193.2,143600
28214.6,146108
28212.3,143359
28241.4,151261
28272.9,121017
28239.3,127630
28252.8,129232
28266.9,128093
28252.9,149710
28314.6,130491
28320.3,142451
28285.5,152916
28344,136851
28320.7,148515
28340.7,141593
28372.9,130895
28342.4,151237
28398.3,127572
28352.4,141806
28393.6,147329
28396.3,146966
28367.6,127118
28457.9,141564
28440.7,123398
28502.8,142767
28485,121675
28480.5,143521
28506.4,138597
28565.7,142046
28591.3,140190
28559.2,136728
28585.4,130215
28576.4,149463
28617,142673
28613.9,152034
28642.1,135651
28608.5,142428
28633.5,151463
28632.7,150824
28622.6,150716
28666,135198
28644.7,137982
28651.8,140311
28637,131674
28676.3,136604
28668.5,147338
28667.9,144046
28650.3,132111
28664.8,149506
28684,143555
28718.6,136686
28740.9,143166
28784,150144
28760.3,144868
28760.1,133671
28764.6,152439
28771.4,138886
28841.4,149271
28828.3,140909
28833.4,146258
28823.4,142124
28846.5,142246
28825.3,143552
28827,140781
28824.6,142017
28872.3,142693
28915.6,145558
28885.8,139625
28877.9,129572
28910.6,144808
28906.6,147190
28960,122834
28906.8,137824
28945.9,138079
28947.8,150989
28993.4,140303
28970.2,147478
28983.8,141181
28982,136372
29010.8,149168
29038.5,122506
29029.6,136475
29040,145632
29048.6,129362
29038.3,122746
29041.1,140169
29064.6,147297
29093.7,146233
29111.8,136329
29104.4,120871
29098.9,137856
29096.8,150038
29130.4,137388
29128.5,153085
29140.6,139682
29136.7,137520
29136.3,130879
29175.4,139864
29152.8,151080
29163.5,138004
29166.4,149378
29197.7,147276
29220.4,140540
29198.2,141551
29232.4,139742
29217.3,142656
29240.8,150650
29248.6,143098
29259.8,136124
29254.2,152647
29281.6,141123
29259.1,140052
29282.3,136552
29291.1,141658
29291.8,139471
29319.8,140842
29289.2,145719
29301.8,120995
29312.1,144487
29299.5,140670
29339.1,141261
29348.5,147479
29343.2,134997
29362.3,143116
29355,147120
29373.8,150725
29381.7,122833
29392.1,140633
29427.7,145938
29437.2,144876
29431.9,145532
29435.7,139429
29444.8,145830
29437.8,143970
29474.8,148666
29465.2,141361
29494.3,146377
29491.2,142500
29509.3,141506
29517.4,150305
29530.9,143698
29555.2,122058
29564.3,152993
29540.4,135230
29571,142061
29573.1,143583
29564.4,143445
29560.8,149674
29606,140985
29594.9,137592
29590.3,131577
29590,146231
29602.1,151144
29592.7,147783
29668.1,136931
29656.1,141542
29670.4,145510
29695.5,138474
29778.3,153098
29716.2,142133
29738.5,141974
29770.3,152699
29759.8,147497
29757.5,135607
29738.9,147656
29750.7,149649
29762.8,138808
29775.2,140076
29783.8,152051
29767.8,138053
29815.4,146656
29789.3,151034
29853.5,144327
29842.5,131635
29842.9,151350
29861.2,150983
29897.5,136878
29881.3,143688
29885.3,146145
29904.7,138291
29895,140051
29910.8,136665
29894.6,135202
29932.2,135772
29953.2,130910
29951.4,140573
29943.1,143808
29932,134445
29960.9,141697
29961.1,137967
29948.8,138514
29952.8,134098
29971.8,142798
30002,151437
29998.3,131491
29997.7,141854
29997.1,146084
30048.8,152852
30004.9,139565
30000.1,143004
30042.2,147810
30047.1,136243
30094.5,140362
30046.5,144333
30088.7,146243
30090.6,137031
30076.9,145199
30116.7,132461
30089.5,150868
30130.8,141361
30106.9,139815
30120.6,144256
30148.5,129901
30150.8,152584
30133.2,144390
30131,151404
30144.5,152684
30161,149371
30134.6,151897
30161.2,140666
30149.7,146592
30159,143136
30200,135602
30191.5,142155
30199.5,146828
30234.6,139152
30242.7,135950
30270.9,135743
30283.2,140773
30236.8,136952
30278.9,149080
30264.4,147880
30316.5,144506
30274.8,144392
30323.3,137845
30339.6,140068
30368.6,150541
30356.6,123788
30345.5,135636
30387.7,140176
30382.9,149942
30373.5,144396
30415.9,137455
30419.4,144808
30438,139900
30433.5,139298
30429.6,145274
30448.2,143023
30450.3,149050
30469.1,146996
30490.2,151767
30493.9,142086
30471.2,150707
30498.3,144507
30506.9,151512
30499.2,146356
30519.3,140908
30504.6,138008
30532.7,136587
30558.3,143909
30544.3,136164
30565.1,138833
30541.8,147325
30561.9,139858
30583.5,141534
30601.4,134374
30597.8,136823
30602.1,149266
30644.5,141306
30643.4,132679
30607.6,146566
30653.4,142817
30630.2,135949
30658.3,142697
30635.1,151509
30666.7,139614
30679.8,140365
30706.7,143220
30727.8,151860
30716.6,130538
30730.9,122111
30752.1,136311
30737.2,152596
30726,150376
30792.5,143049
30766.8,130644
30836.9,133528
30782.8,141068
30814.5,131286
30802.4,147127
30817,144179
30850.5,134806
30858.9,140920
30821.3,140377
30851.5,141549
30862.4,136501
30837.3,150099
30933.1,140578
30933.6,135616
30911.9,134372
30913.4,138645
30941.2,138341
30972.3,149702
30950.1,143595
30949.1,139675
30987.2,141020
30952,148206
30979.5,131109
30984.7,147092
31021.9,131358
30994.8,145742
31018.2,136902
31056.4,140481
31038,142796
31086.3,139137
31028.3,137920
31078.4,109395
31073.5,148203
31081.8,144541
31073.2,141116
31074.3,144294
31080.9,141893
31083,146289
31113.8,140810
31095.3,150052
31087.8,148805
31099.7,134696
31110.7,139880
31125.5,138994
31151.4,141258
31151.7,139393
31160.7,142190
31214.8,141469
31206.3,135477
31200.9,139346
31199,139222
31223.6,134989
31210.7,142696
31226.6,143381
31241.8,140477
31243.8,147060
31247.6,148636
31245,149380
31265.3,145106
31287.6,138318
31287.8,144118
31292.5,148287
31325.3,150602
31308.4,146310
31318.7,139039
31315,140918
31322.1,133709
31345.5,143996
31318.5,139693
31330.9,147474
31340,138928
31376.8,150235
31410,134769
31401.5,145066
31382.9,149475
31401.2,141966
31381.1,141397
31419.1,142076
31442.5,132043
31418.4,137236
31403.8,138293
31452.1,144783
31451.1,141090
31491,141463
31445.5,130041
31479.6,146725
31491.2,141336
31510,145018
31533.6,143316
31527.9,137920
31575,143785
31543.6,143192
31558,140940
31579.5,140491
31574.4,136938
31610.4,112332
31588.4,134996
31602.6,144821
31616,148937
31637.5,136543
31653.8,145744
31649.7,146388
31665.8,150384
31640.1,146687
31664.8,143345
31696.8,146245
31680.9,147622
31688.1,111855
31726.9,144458
31766.4,144566
31774.9,150676
31796.1,137958
31807.3,138187
31775.4,146032
31812.9,145133
31798,145310
31845.1,133621
31888.8,136836
31861,147769
31859.2,134096
31882.4,136943
31893.2,139352
31865.9,151813
31880.8,138856
31862.8,138357
31886.4,144969
31876.9,148182
31905.8,146022
31888.6,144566
31918.1,136687
31914.3,112182
31960.9,139096
31957,136311
31955.1,142281
31995.3,145656
31984,133699
32029.5,141120
32043.3,138794
32041.7,143214
32032.7,152203
32021.1,144693
32048.4,136885
32044.7,149066
32045.5,143337
32039.1,152710
32047.3,139794
32030.2,131992
32094.9,140394
32092,136372
32105.6,141284
32101.6,136165
32123.4,137281
32116.4,135048
32145.8,147328
32118.3,146306
32138.3,142375
32151.9,143755
32151.3,148770
32147.7,137013
32237.2,141875
32207.9,135103
32222.3,140858
32172.2,139592
32206,149152
32241.8,137172
32201.2,146237
32220.8,145477
32237.4,136501
32269.6,147783
32230.5,151360
32277.7,140209
32208.4,140125
32268.7,140644
32260.2,146913
32288.8,140436
32291.2,142672
32338.1,144992
32308.7,139828
32320.7,143647
32345.1,137521
32373.2,149580
32379.6,144468
32390.4,136408
32373.4,110176
32373.5,141156
32393.3,142611
32437.1,150306
32382.2,140196
32422.5,149112
32407.4,137901
32452.5,142191
32446.4,145593
32444.8,135850
32418.3,148134
32464.8,144065
32441.8,147846
32533.2,140260
32506.9,138145
32533.4,141569
32545.4,146806
32533.2,144271
32538.3,137833
32538.5,110573
32549.8,143382
32580.7,151422
32560.1,141409
32548.9,149154
32603,144998
32575.1,143197
32624.7,141257
32618,125835
32603.9,140704
32640.5,145250
32610.3,139314
32662.2,137658
32615.7,138930
32650.9,137411
32656.1,152768
32682,141042
32641,143810
32668.3,137952
32669.1,139025
32675.2,149802
32709.7,146186
32717.1,141423
32735.7,134381
32783.6,140635
32773.7,136668
32769.5,134004
32811.2,137875
32808,144164
32823.7,136134
32856.6,144775
32833.4,139684
32868.9,138381
32884.4,145097
32891.5,144885
32881.4,140467
32914.8,144111
32909.6,147071
32942.4,149461
32902.1,136565
32925.8,139410
32926.4,142986
32928.6,152747
32941.7,151907
32986,135808
32962.8,139693
32963.2,137824
32961.6,148936
32992.5,137450
32999.8,142006
32969.2,143621
32955.7,150187
33023.1,149696
32999.3,138387
33024.6,143445
33022.8,137909
33029.9,139967
33042.4,134958
33026.4,137340
33029.8,135083
33031.6,146118
33021.4,135175
33071.6,135695
33060.3,145409
33062.9,147418
33111.6,147278
33091.6,143132
33118.3,139385
33117.7,149800
33163.6,137425
33182.3,149319
33172.4,143458
33142,134385
33178.1,133292
33165.3,136987
33187.7,138284
33184.4,135712
33197.3,139296
33204,150424
33221.1,142881
33232.1,148444
33246.1,146121
33264.2,140513
33262.5,134416
33220.8,142691
33266.1,149015
33282.9,141221
33303,143085
33245.5,149469
33303.5,140897
33362.8,141841
33276.2,139103
33324.8,145274
33359.9,141050
33361,136764
33400.9,143500
33424.1,135652
33390.3,145682
33463.3,133858
33480.9,152758
33476.1,151846
33428.3,146174
33429.1,145387
33450.8,138578
33513.2,138963
33522.7,138356
33501.9,148339
33532.8,142861
33536.9,133346
33536.4,135477
33571.9,135054
33593.3,145633
33589.5,146176
33599.7,139337
33621.8,143521
33595.1,147096
33599.4,137637
33597.2,138524
33594.7,150742
33613.8,145287
33608.1,141240
33660.7,135198
33645.7,150653
33683.4,139252
33651.6,140269
33649.5,149091
33694.2,152580
33705.8,133589
33707.5,152877
33734.5,137478
33738.2,148084
33764.1,153053
33753.7,146919
33802.4,142447
33791.4,138479
33780.5,111762
33795.5,136463
33769.2,146674
33798.4,135129
33806.8,133550
33897.7,141029
33873,149954
33872.6,143111
33902.6,152611
33915,139866
33930.2,150411
33927.8,136475
33932.8,137261
33944.6,148050
33947.5,138073
33954.3,142715
33991.9,139640
33996.5,139347
34001.1,142321
33967.7,142414
33973.6,151607
33992.4,139753
34012.6,141999
34001.4,152895
34030.3,141233
34069.5,151394
34056,134327
34084.7,151952
34097.4,144271
34085.3,139961
34088.7,137623
34141.3,145714
34139.1,133506
34103.6,141672
34189.9,142407
34156.4,146813
34144.8,135463
34189.6,147238
34226.6,138873
34236.8,138484
34243.7,133802
34241.9,141006
34265.7,144592
34256.2,138750
34252.2,150580
34282.3,145973
34294.7,133466
34321.7,143560
34378.3,142708
34376.4,149847
34350.3,139245
34387.7,145081
34393.2,145298
34414.8,142818
34446.2,147526
34414.6,130429
34448.3,137064
34460.3,148161
34493.4,134905
34511,145263
34517.3,145543
34546,152877
34501.5,133636
34511,151977
34572.5,144928
34572.8,147552
34580.1,152313
34578.4,139167
34547.1,137220
34585.8,143896
34585.9,147897
34598.4,143569
34627.9,141740
34673,148025
34711.7,137383
34718.3,144819
34745.3,151406
34734.4,133436
34744.1,143359
34751.3,136902
34725.7,143524
34795.7,135833
34772.9,150927
34809,152579
34832.9,144796
34882.9,143427
34921.1,144363
34942.1,144603
34998,135096
34934.7,148315
34923.3,148195
34994.6,135692
34978.4,138654
34985.2,149887
35012.9,146966
34991.3,139116
35068.2,149267
35063.6,127465
35064.2,148636
35078.1,146889
35095.2,146314
35106.7,145050
35101.5,139044
35087.8,148398
35118,150072
35109.7,149699
35151.8,150830
35172.8,148740
35212.1,149462
35206.7,146323
35320.4,143798
35345.3,145011
35333.4,137304
35331.4,148146
35372.3,152986
35378.7,149351
35396.4,152765
35419.9,141323
35425.7,148676
35454.1,149967
35436.1,145281
35487.1,149585
35513.9,144334
35507.3,150872
35613.8,149924
35588.9,145275
35585.6,151555
35591.4,140973
35604.2,149355
35607.7,133659
35628.2,150334
35605.9,140269
35632.9,144957
35670.5,149594
35666.2,146155
35670.2,151097
35718.8,149132
35716.5,147972
35736.1,151361
35748.3,150786
35814.4,134805
35789.1,146146
35785.8,147273
35788.5,152633
35834,134391
35862.4,145793
35827.3,149143
35888.4,133833
35897.9,148171
35934.7,147094
35908.3,148654
35927.6,147789
35934.5,137030
35947.5,149399
35980.8,150773
35957.9,149588
35987.9,149646
35988.8,133733
35991.4,151850
35981.3,135970
36014.5,149208
36067.5,135848
36071.9,144523
36107.7,139695
36106.8,140575
36154.9,131358
36167.2,146631
36172,130844
36160.3,151345
36160.7,147323
36193.5,149050
36286.3,153140
36236.2,147840
36233.7,140074
36261.5,152282
36286.1,149639
36281.9,152029
36295.1,148014
36315,152194
36338.7,152500
36322.7,146924
36311.3,127669
36351.9,127746
36419.4,148972
36431.6,150503
36420.1,148289
36397.4,130917
36415.1,150352
36440.6,147340
36449.7,150020
36423.2,149737
36461.6,146889
36480.6,151247
36487.8,140558
36488.3,146999
36517.9,152341
36483.5,151753
36530.5,151352
36501.2,148073
36586.6,139916
36511.2,150826
36529.1,146536
36553.7,151796
36551.8,135268
36583.8,134836
36561.5,143181
36599.4,152623
36585.1,148031
36630.7,149823
36674.7,146627
36629.1,151423
36657,151257
36672.8,147797
36710.4,147067
36738.5,149542
36749.9,139666
36749.2,143514
36826.5,146652
36878.6,148126
36879.4,150538
36853.9,146019
37004.5,148808
37038.2,145958
37050.4,152997
37057.8,146731
37115.5,152886
37092.3,146617
37109.9,148890
37108.9,152217
37136.8,135657
37133.6,142967
37146.6,146834
37144.6,148770
37184.9,147677
37204.7,145825
37216.8,145154
37233.2,147527
37220,143715
37261.6,148971
37234.8,147141
37275.2,145967
37303.6,134739
37318.4,147418
37338.5,151057
37311,147895
37361.2,152889
37384.2,148333
37366.4,148761
37384.6,152747
37413,129206
37450.5,145271
37482.6,150975
37432.7,148629
37457.2,144109
37471.4,151927
37529.4,134329
37504.6,145831
37489.7,146287
37584,135758
37603.4,148724
37632.9,147588
37608.2,150564
37610.1,142548
37671.2,147465
37620.2,143889
37670.1,139179
37666.1,145112
37684.5,146695
37674.4,144914
37728.2,135129
37735.9,141914
37744.4,148663
37741.1,148203
37772.9,151729
37775.1,135632
37805.5,140823
37841.4,135048
37832.4,134909
37868.8,147206
37854.1,150611
37847.6,145246
37883.8,148918
37856,144068
37891.6,152338
37878.6,135668
37907.6,149579
37891.2,144752
37906.6,150997
37926.2,143061
37965.3,132714
37962.8,143525
37988,127550
38007.1,147536
37995.4,143709
38034.9,147875
38054.4,134979
38045.1,129352
38029.9,148641
38095.5,146704
38089.5,149757
38114.7,140949
38130.2,147577
38107.6,152495
38139.7,151090
38144.2,151791
38139.2,145488
38171,146994
38199.4,132936
38236.4,129808
38214.8,130024
38358.6,135415
38334.8,152406
38362.5,145535
38366.6,150667
38383.8,151142
38412.7,152510
38422.8,152231
38454.6,150147
38451,144197
38525.4,129991
38504.9,139089
38512.3,151545
38509.5,145879
38528.5,136078
38523.4,151186
38556.9,139413
38554.4,129830
38551.7,135880
38577.9,151779
38610.5,130447
38575.7,138945
38577.7,150878
38615.9,148546
38588.8,131383
38656.1,139035
38676.3,151415
38688,147942
38693.8,150524
38720.2,146314
38731.1,133500
38764.6,149714
38762.5,129897
38826.6,142422
38822.3,130291
38843.4,148018
38845.4,136231
38828.8,151069
38834.8,152070
38861.2,141117
38892.2,151192
38896.2,140958
38906.8,133822
38914,148269
38923.6,141852
38959.1,145577
38943.5,135387
38974.4,137975
38997.7,148491
38986.1,133137
38987.4,142509
39000.2,151502
38997.7,150759
39061,148156
39077.4,133535
39113.6,153127
39095.4,130539
39068.7,131270
39099.5,133134
39143.3,151527
39174.1,147725
39149.5,144691
39183.3,136641
39185.9,131536
39189.5,143019
39210.1,143210
39191.4,147893
39211.9,148685
39242.9,132937
39256.3,151292
39286.5,151017
39296.1,144633
39287.5,135466
39351.2,132407
39342.1,134138
39345.1,147464
39369,151538
39390.4,136310
39376.9,132871
39396.6,141339
39426,149375
39456.1,131575
39423.9,150990
39481.9,143303
39471.3,151450
39526.4,132271
39448.7,134819
39500.2,147398
39510.1,132485
39530.7,147605
39541.2,148092
39573.7,132593
39644.7,143864
39556.1,146838
39633.4,151321
39646,147443
39608.1,149003
39636,132477
39699.4,136301
39699.7,134380
39685.5,144457
39693.4,135270
39749.3,153097
39721,151137
39735.3,136072
39750.8,143314
39744.3,148103
39744.5,148632
39773.5,148870
39799.3,134728
39834.5,139748
39839.5,134173
39823.9,133567
39826.9,145318
39887.4,132797
39936.4,151333
39871.6,148968
39915.3,152053
39906.4,147816
39898.2,145668
39959.6,149875
39934.3,134418
39938.8,150484
39965.1,151627
39987.8,151953
39961.6,134153
39977.4,137116
40009.1,144454
40019.4,135118
40030,134905
40056.3,144671
40043.2,149447
40062.9,145221
40070.5,135557
40111.4,144462
40135.4,135503
40150.9,145657
40188.3,152211
40172.9,141222
40225.4,129618
40203.1,129488
40220.4,137650
40230.1,150605
40217.1,133521
40221.4,146956
40240.2,135608
40261.5,144698
40258,150745
40304.8,139956
40308.2,151004
40292.5,148440
40378.5,129361
40340.6,147371
40384.5,135111
40410.4,142677
40376.2,146132
40394.2,150710
40434,142023
40410,134363
40458.5,135268
40453.2,146854
40511.8,137283
40494.4,141083
40547.2,145253
40511.4,151074
40542.1,151578
40528.2,135010
40572.7,141162
40540.9,148501
40554.2,144822
40594.3,152317
40610.5,144772
40634.2,134681
40623.4,152585
40662.6,150218
40707,127819
40717.8,140248
40735.6,135992
40729.5,137033
40717.3,145791
40734.4,143990
40759.2,147820
40775.3,136098
40764.1,129205
40801.6,134509
40793.6,129089
40804.8,144115
40843.1,145246
40827.5,147634
40868.5,145612
40843.4,145418
40848.2,145971
40879.8,138411
40884.6,135091
40870.7,151898
40906.9,149660
40882.7,136831
40878.5,134210
40885.9,145337
40900.6,142425
40912.2,152225
40934.1,149756
40925.2,148574
40927,151340
40962.6,148459
40966.6,148772
40956.1,140761
40964.3,144828
41014.1,149485
41017.9,143317
41024.7,148965
41022.8,147277
41027.1,141224
41047.9,146068
41090.6,134311
41071.4,131351
41065.6,137155
41101.7,152271
41107.1,149180
41077.3,146759
41067.2,142321
41062.5,149070
41094.1,131715
41082.1,144957
41118.6,135436
41094.7,131824
41130.6,145899
41202.2,150900
41187.6,141276
41176.3,134717
41234.6,129659
41224,151768
41234.7,135618
41244.7,149422
41277.9,145872
41268.8,148316
41310.2,143310
41269.6,149551
41283.4,142161
41302,152524
41337.6,152128
41311.8,140878
41327.4,150804
41343.4,132591
41332.9,145585
41330.3,150163
41323.8,139926
41369.9,129628
41379.9,134669
41418.1,129790
41424.3,139965
41445.7,145130
41475.8,134211
41448.5,151767
41474.5,143361
41478.2,142520
41474.4,134382
41500.3,144878
41476.8,139116
41526.4,152073
41492.7,139463
41465.7,153010
41480.4,132415
41471.5,148512
41479.8,148869
41512.7,129738
41539,127382
41525.9,142004
41529.7,141373
41531.5,129891
41522.7,130096
41551,129427
41572.1,151483
41578.6,131614
41580.8,152192
41628.2,151011
41610.3,143898
41622.9,152531
41602.6,149914
41618.6,141203
41633.6,142585
41641.2,146439
41630.7,140604
41662.9,141312
41654.6,147827
41638.6,136812
41675.6,146247
41669.7,145614
41683,143771
41685.3,150868
41725.4,147702
41728.7,152147
41741.3,151526
41803.6,144964
41773.9,136822
41800.8,144732
41736,151006
41781.3,131883
41760.5,148041
41780.9,150501
41851.1,145607
41780.9,151940
41816.3,136052
41822.4,147810
41841.1,137176
41838.9,145813
41828.9,143753
41842.1,142865
41890.7,141378
41866.8,152331
41905.9,143457
41914.2,151961
41892.7,140622
41899.2,135217
41930.8,145189
41915.6,137670
41945.9,146490
41935.8,142739
41950.2,144295
41961,149373
41974.9,149664
42014.9,140469
42017.5,134714
42029.2,145823
42027.1,141763
42040.6,146565
42049.2,148118
42057.4,137749
42066.4,149134
42057.3,141892
42078.5,148537
42067.2,131313
42106.7,145563
42060.4,151851
42096.9,151607
42067.1,134108
42105.6,138584
42112.1,152374
42163.2,131811
42158.3,145055
42130.4,152490
42121.3,146637
42138.6,140518
42157.5,138691
42152.5,150422
42170.7,138258
42142.2,139292
42179.4,151863
42153.3,149227
42190.8,136268
42183.7,148166
42209.6,134061
42239.3,143942
42204.1,148336
42212.2,137519
42176.1,152858
42196.2,140957
42233.8,139138
42229,139679
42269.6,130654
42264.9,135494
42333.8,136628
42283.1,148019
42299.7,142848
42330.3,131332
42316.3,141864
42363.5,145077
42353.8,145440
42369.4,142755
42378.8,149030
42388.6,151611
42427.8,145730
42431.3,151895
42446.7,145289
42449.4,138835
42486.2,148583
42469.3,137538
42451.7,145393
42494.1,150450
42472.1,147555
42483.2,152096
42527.2,137141
42546.4,142986
42531.1,150671
42497,150982
42522.3,143917
42515.8,137263
42525.8,144120
42537.9,146227
42598.4,134868
42556.6,140037
42596.9,140674
42594.2,136302
42580.9,141270
42613.3,134442
42589,145004
42569.1,140605
42649.4,142432
42668.6,150269
42631,140861
42671.9,136185
42640.9,130740
42678.6,147733
42704.5,139900
42699,110415
42759,136447
42795.6,140372
42771.5,130894
42772.6,147823
42804.1,148497
42779.5,137607
42761.2,143638
42798.3,152902
42791.9,139188
42782.9,107990
42843.3,142278
42823.7,151326
42855.2,107739
42811.8,150021
42818.6,140201
42850.4,145219
42837.4,152368
42853,142068
42857.7,143029
42859.5,150210
42843,134747
42850,139062
42859.5,110458
42863.7,143173
42868.7,132165
42886.9,144101
42863.7,148731
42860,141519
42891.7,136178
42908.3,148343
42934.3,131685
42921.8,150048
42900,148870
42924.8,136656
42928.1,140362
42917,149433
42968.2,149916
42935.6,147414
42986.6,144482
42978.4,132924
42993.1,143879
42959.3,146205
42997.1,133770
42936.8,141514
42982.5,150492
42987.4,139020
42992.2,141288
43006.1,108096
43005.7,136508
42992.3,150315
43002.5,143244
43011.7,152529
43013.6,137548
43063.1,151267
43035.3,146314
43054.4,148001
43078,142748
43003.8,147821
43079.8,138511
43040.7,141720
43028.6,147487
43018.2,150710
43053.6,152325
43019.5,148947
43059,142456
43062.2,138622
43073.2,131857
43089.6,140736
43097,143292
43104.3,151396
43109.5,132039
43104.6,145564
43144.2,107317
43126.3,147606
43118.6,151032
43140.9,135095
43142.9,133192
43121.6,136846
43152.5,140150
43182.7,145282
43202.5,149839
43228.8,147375
43222.9,141714
43222.3,139018
43256.9,132219
43217.2,137072
43266.9,152229
43263.3,144370
43291.2,110270
43259.7,152354
43318.5,128252
43281.4,146526
43323.5,135834
43329.7,139888
43311.8,151778
43323.5,140850
43357.5,140495
43364.8,151261
43363.4,132413
43359.9,147328
43367.4,126574
43369.7,141465
43397.3,145219
43394.7,136606
43391.3,150657
43420.1,145714
43408.1,133546
43401.9,148119
43445.5,138362
43428.4,143775
43432.6,142625
43440,147884
43432.3,107497
43440.3,138771
43418.7,134893
43468.2,134059
43467.5,146653
43515,148573
43450.7,143577
43506.7,107186
43535.5,137508
43542,140114
43537.6,145193
43506.6,133586
43534.5,152956
43523.3,143525
43559.5,152224
43557.2,144240
43538.1,134636
43589.5,142743
43593.6,149457
43583.4,133740
43627.1,134514
43599.3,134409
43595.7,136237
43604,147004
43633.4,143106
43622.3,137626
43648,144158
43637.3,147540
43644.3,126889
43618,147289
43649,147180
43650.2,143200
43667.3,146481
43642.8,144040
43639.2,108117
43659.9,109211
43684,110231
43668.6,147343
43672.9,143522
43687.2,142424
43701.3,133824
43709.7,137807
43705.4,146894
43698.8,137264
43787.5,110710
43744,138985
43721.4,148698
43738.1,136391
43775.3,143990
43777.5,141752
43780.4,138437
43787.1,132570
43764.7,151737
43811.4,137082
43796.5,142279
43817.2,141402
43811.8,147216
43803.4,140153
43814,143118
43847.5,145904
43847,143907
43817.5,131946
43873.7,141117
43856.6,143026
43870.4,151985
43879.5,132229
43919.1,110287
43937.7,149493
43914.9,146987
43930.3,150697
43910.8,139398
43938.3,145684
43906.1,152276
43941.8,145813
43892.8,142197
43950.8,134985
43948.3,148703
43949.7,152143
43948.5,110699
43965.9,135909
43983.5,140172
44031.3,137228
44070,145907
44020.5,132121
44010.9,144798
44034.7,144035
44071.1,144448
44059.4,139432
44067.3,152713
44061.6,152362
44090,137887
44158,108223
44081.1,108885
44057.5,134367
44088.3,149573
44083.2,148616
44125.4,151219
44136.6,150810
44106.2,152561
44141.8,148030
44130.8,149096
44162.7,108811
44168.2,142652
44177.9,110185
44171.2,129497
44258.1,129768
44254,132703
44227.7,143684
44239.1,139068
44227.4,150991
44238,137771
44254.3,151175
44275,139781
44254.5,109866
44261.4,134622
44315.5,148804
44288,149295
44342.4,135531
44285.4,132058
44311.6,145787
44357,150490
44335.7,146835
44376.7,129017
44354.9,134882
44359.1,137231
44345.8,134543
44360.9,138394
44409.1,142650
44389.3,132677
44428.2,140176
44385.7,151757
44410.5,151212
44385.6,144443
44439.5,147627
44437.5,143138
44397.3,132003
44429.6,149779
44426.3,150750
44442.2,132284
44410.5,146440
44444.7,139815
44481.5,129983
44431,149655
44477.7,152295
44468.5,151461
44494,149424
44523.1,142953
44488.6,146710
44483.6,146608
44470.1,132871
44492.8,151737
44503.4,152632
44530.3,134602
44549,150103
44520.3,151231
44551.4,150437
44570.6,144886
44556.8,140702
44545.4,142045
44589.2,151425
44599.2,133049
44630.5,137600
44658,144973
44665.4,147354
44645.7,137841
44651.2,152659
44656.4,132989
44682.6,147692
44657.3,149676
44673.6,150638
44711.8,108712
44713.9,141895
44688.9,133998
44735.4,141565
44726.1,142803
44743.3,144802
44799.6,145522
44816.6,151654
44789.6,140274
44783.2,130132
44835.9,131980
44801.4,141034
44816.1,132175
44834.1,131719
44850.7,129461
44827.9,138554
44863.8,142002
44832.5,147030
44850.6,150705
44884.5,137423
44895,148535
44907.4,149168
44886.1,137183
44881.8,146567
44894.5,132635
44883.7,150504
44905.3,151111
44896.7,152603
44937.7,141046
44955,150560
44962.9,139339
45002.6,140742
44965.7,132911
44965.4,143136
44980.1,137346
44991.3,140026
44998.1,151443
44962.6,145345
44997.6,151145
45039.4,132667
45026.1,150352
45028.1,141476
45015,138027
45040.8,152164
45050.1,141963
45044.6,135924
45070,110839
45053.3,140248
45086.9,138378
45082.9,132409
45056.1,150045
45100.3,148222
45091.2,138744
45094.2,152449
45118.8,143722
45179.9,143833
45120.9,139604
45138.1,109047
45127.6,150400
45144.8,144942
45148.8,152528
45177.6,142472
45128.4,149031
45166.2,130043
45168.9,149155
45204.4,133494
45205.6,136048
45164.1,130155
45191.3,137986
45173,134975
45202.2,142582
45205.6,145918
45229.1,142193
45263.3,143355
45293.1,128910
45286.9,138547
45276.2,129673
45279.1,109036
45277.3,143908
45301.1,151988
45256.7,130496
45303.6,134269
45331.3,109973
45281.4,147204
45301,148898
45314.8,136053
45352.9,138101
45324.5,139180
45361.1,148188
45348.8,149836
45386.2,146826
45395,108832
45398.9,150992
45395.8,143648
45390.6,144178
45420.4,149046
45397.2,145827
45423.4,148521
45430.1,141132
45452.5,132648
45426.2,147873
45447.4,142543
45464.1,147449
45488.4,148392
45507.8,145572
45462.3,132372
45490.2,139084
45485.5,129429
45512.5,148614
45515.4,151477
45523.2,144558
45522.5,137296
45550.3,142626
45547.1,142758
45567.9,137376
45578.5,142484
45596.9,109864
45592.8,137654
45595.2,137538
45629.6,144333
45588.7,145791
45601.9,150903
45593.1,129466
45655,145174
45652.6,146215
45726.5,146000
45708.3,137917
45693.6,147538
45723.9,137789
45716.9,133099
45756.1,147406
45736.8,145743
45747.3,111409
45785,150379
45782.2,145079
45765.7,140858
45770.5,136098
45839.2,140218
45826,133100
45817.9,139198
45815.8,146558
45842.7,146464
45857.6,148453
45891.7,136482
45885,150967
45882.2,142933
45894.6,136072
45861.6,152194
45885.6,142632
45879.3,128882
45915.1,152299
45895.5,134377
45908.9,138963
45897.6,128773
45958.1,132405
45927.3,147568
45905.2,140058
45935.5,141684
45954.4,147391
45966.2,140485
45971.4,109076
46010.2,145091
45995.6,107295
45982.5,142827
46021.5,136743
45982.4,152102
46034.6,151522
46050,129245
46069.3,148032
46058.6,152254
46111.7,128707
46123.3,129107
46109,132888
46141.6,132001
46117.9,109415
46145.4,135533
46156.2,151580
46134.7,131573
46181.5,133903
46174.3,141955
46244.8,106760
46228,148848
46249.6,147235
46245.1,134094
46223.3,132917
46236.1,131579
46269.1,147333
46245.9,128267
46306.2,140896
46261.8,143702
46281.5,151873
46328.9,108415
46338.1,132845
46351.2,143453
46331.4,144756
46347.9,150137
46356.6,147522
46363.3,146041
46366.3,106689
46380.4,148401
46428.9,106989
46423.9,106787
46415.8,149529
46424,137684
46421.2,143348
46455.9,135402
46410.1,152182
46445.9,134332
46451,141595
46483.5,132560
46508.5,129648
46517.2,144192
46501.6,148372
46486.8,142907
46519,107521
46527.5,142217
46533.8,138184
46529.4,152774
46546.7,106608
46528.4,140925
46549.2,146517
46593.5,146623
46644.2,147343
46659.3,134963
46613.3,132547
46608.6,141885
46613.6,137508
46671.3,149490
46673.4,148977
46701.2,152827
46705.3,150707
46692.7,149906
46721.6,135999
46697.5,136321
46706.3,133470
46729.7,148898
46696.4,142157
46769.2,130296
46774.7,149790
46753.8,142122
46792.9,137738
46773.9,142980
46814.5,141083
46770.1,137055
46836,149085
46796.1,142596
46814.4,107461
46801.4,150686
46852.1,148980
46880.3,110913
46870.6,142020
46872.2,108725
46886.3,149408
46899.6,142531
46912.7,133437
46901.9,147202
46948.7,137772
46898.8,131349
46926.5,133317
46947.4,145664
46923.2,135231
46954.6,141605
46966.7,149281
46926.5,107709
46945.6,144387
46981.8,145888
46991.5,145316
47001.4,135552
46992.3,151409
47014.7,142910
47046.3,141296
47033.5,132763
47057.5,146221
47072.6,141038
47084.8,139817
47127.6,144441
47124,108182
47111.2,136468
47160.4,147588
47106,137925
47131.9,140827
47230.1,107044
47176.5,136136
47162.9,139427
47189.8,144831
47194.8,146190
47181.7,131364
47211.6,145347
47223.9,134807
47212.8,145174
47263,151909
47255.2,142577
47229.1,140849
47236.3,136470
47239.8,137061
47262.3,132077
47312.2,146278
47313.4,131397
47348.5,152218
47318.6,151725
47332.4,130093
47381.6,147168
47332.5,146870
47368.7,130296
47387.8,142094
47390.3,111940
47396.3,146721
47399.6,136985
47411.4,132065
47419.8,136262
47431.7,151010
47484.1,110920
47459.4,106420
47514.6,152963
47464.9,151343
47523.3,152151
47483,136350
47509,148014
47513.3,140015
47540.6,133371
47570.1,149914
47569.8,151474
47586.1,152244
47548.7,148798
47613.8,108539
47627,108140
47617.4,141356
47635.9,150162
47616.9,131899
47662.7,133635
47687,150997
47657.7,106436
47684,142605
47654.1,152975
47669.9,147098
47687.5,141154
47669.8,147189
47729.2,150092
47702.7,147407
47698.5,148923
47695.2,147864
47711.3,143210
47737.6,138739
47773.5,132094
47772.4,108549
47760.8,133937
47785.2,130745
47779.6,149923
47801.3,134307
47783.3,140755
47804.4,108201
47782.2,132393
47807.9,149035
47813.6,139198
47846.8,135753
47860.6,148249
47856,143003
47887,152488
47906.1,142203
47861.2,134156
47893.7,141874
47902.2,132157
47962.2,135245
47978.9,142806
47964.3,107618
47926.1,143045
47971.5,152862
47974.4,145170
47973.5,146115
48014.2,149348
48043,143037
48011.9,143276
48001.5,151631
48045.5,137944
47992.1,150189
48055.3,113446
48047.2,140231
48068.3,142577
48080.5,132970
48044.1,150333
48049.5,107801
48060.3,143867
48064.4,144217
48088.2,141650
48081.8,130640
48121.6,108710
48101.7,146612
48117.8,147409
48099.9,108261
48143.4,107575
48169.1,130995
48152.2,132619
48152.4,148144
48161.7,152718
48156.2,152507
48146.8,130696
48161.5,138781
48208.6,141663
48188.7,140016
48226.6,150911
48258.3,135494
48234.1,107895
48211.2,110282
48216.9,148758
48276.3,148635
48298.1,151749
48257.4,135704
48293,108756
48273.4,136166
48277.8,113832
48323.8,148808
48293.4,106254
48320.2,147507
48322.2,142974
48314.8,147731
48336.4,111800
48358.1,114200
48353.4,142233
48340.5,147020
48387,146095
48394.5,151844
48389.9,107143
48376,148368
48388,132075
48423.8,107035
48366.2,152661
48412.6,135594
48424.8,113868
48452.4,136033
48474.7,144660
48491.2,136136
48458.6,149969
48492.1,146907
48490.2,110815
48517.4,106051
48507.7,137455
48498.6,132158
48503.4,142230
48496.6,150350
48499.7,141289
48560.4,138256
48547.6,141636
48545.7,145011
48540.7,107818
48556.4,148238
48577.7,130745
48565.6,150011
48578.6,146183
48588.4,148708
48572.2,109507
48578.9,151713
48577.8,151606
48582.6,149474
48626.5,146506
48621.9,147737
48635.4,142391
48630.2,151200
48649.6,147257
48646.5,143160
48660,106367
48677.1,148116
48685.6,110446
48693.6,109597
48696.6,149518
48713.3,111006
48694.2,148860
48737.2,149192
48720.3,146408
48774.1,131786
48782.6,136397
48800.2,133423
48851.2,138318
48846.9,111353
48849,141339
48874.7,141543
48892.2,149192
48897.8,146395
48895.1,106715
48916.4,105887
48902.2,106527
48928.8,146550
48909.8,147878
48917.7,150367
48900.6,108338
48982.7,111972
48915.4,132585
48934.8,137244
48971.7,132452
48973.5,131776
48987.2,136665
48996.3,108959
48994.6,107137
49008.1,142684
48979.7,144323
49037.5,137205
49066.5,138375
49082.5,132247
49094,141321
49094.6,143853
49122.7,113879
49137.5,107136
49138.3,140639
49166.8,135929
49170.4,144166
49169.7,149953
49193.6,141368
49174.7,140910
49200.1,150650
49194.7,151959
49208.8,133989
49246,139071
49243.1,136911
49263.6,109033
49268.5,140544
49257.4,146762
49265.1,143229
49274.7,143099
49288,149785
49300.3,141201
49303,146407
49361,148316
49348.7,142528
49392.3,109307
49361.5,109731
49406.8,107862
49409.6,134163
49391.7,107347
49395.1,143125
49393.6,139178
49439.3,151637
49432.4,142631
49432.2,110446
49447.6,138813
49417.8,137713
49461.6,135947
49443.7,135830
49458.6,109406
49468.6,132779
49442.7,144316
49475.7,148692
49481,131496
49509.9,107535
49479.6,150059
49477.2,142511
49494.8,132913
49487,139930
49500.3,137477
49519.9,147097
49519.3,109175
49558.3,138309
49556.9,134446
49552.6,141438
49544,132983
49553.3,142412
49558.8,134552
49527.8,107741
49546.5,136434
49563.7,148401
49561.7,109434
49546.3,113143
49579.6,138633
49591.2,137018
49585.2,139980
49596.6,143220
49601.6,142576
49590.1,109021
49615.1,106236
49601.6,134310
49644.3,108202
49619.3,150628
49645.7,146455
49649.6,146347
49638.7,140209
49670.4,106695
49672.9,147724
49683.1,148799
49675.2,139701
49693.8,108306
49710.4,144722
49718.6,114063
49719.2,143275
49773.3,107797
49788.1,149337
49750.1,150401
49803.2,146332
49778.2,136696
49805.6,149515
49775.1,108035
49827.9,153120
49822.1,107712
49850.1,102865
49852.6,150915
49848.2,143141
49839,105986
49862.5,139947
49877.6,107522
49869.2,146509
49825.1,138478
49868.1,114113
49846.7,142358
49845.1,147857
49884.6,107988
49907.5,106535
49956.7,137240
49924.8,139867
49962.4,150688
49976.2,141508
49985.2,153031
49974,108272
49983,142962
49947.8,138864
50004.6,143730
50004.5,143158
50049.4,108595
50012.5,138884
50011.3,144505
50075.9,149606
50026.4,141912
50038.8,143422
50060.2,142713
50064.7,103620
50025.4,140514
50044.4,141617
50088.8,150460
50086.4,142817
50088.1,139051
50121,141714
50116.3,140376
50108.6,148322
50110.5,144440
50109.2,150191
50123.5,148443
50079.9,150651
50103.5,138344
50089.5,139686
50103.8,101445
50115.1,136828
50142,106951
50140.9,108302
50155.5,141914
50131.5,143595
50117.6,142109
50140,141510
50160.5,105521
50200.8,144595
50194.5,150709
50202.9,142156
50156.2,138522
50198.4,136933
50235.4,100070
50225.7,111138
50221.1,108405
50194.8,137055
50231.9,140780
50254.4,140603
50264.3,152028
50238.1,151860
50214.8,147066
50261,113609
50268.1,101394
50271.1,148440
50270.1,143856
50296.3,149281
50261.5,144479
50263.9,138764
50265,143146
50269,141732
50282.7,100177
50304.5,99007
50315.5,143261
50331.4,102697
50301,141837
50323.8,113375
50317.7,141050
50365.3,139215
50352.2,110963
50340.4,140775
50404.2,140633
50401,138756
50411.1,137929
50401.1,146824
50407,135885
50408.2,111047
50404.4,150451
50393.8,142021
50410.7,149882
50443,143361
50405.1,150003
50456.2,135381
50479.5,99457
50459.3,137576
50486.3,141021
50507.3,147719
50477.8,148973
50477,107843
50515,149781
50525.6,142212
50554.4,142740
50526.5,149901
50568.3,146147
50572.2,150375
50555.9,137934
50547.9,98656.8
50582.7,142548
50594.4,150808
50589.4,114275
50575.6,111954
50635.9,113459
50606.7,149059
50604.7,140716
50609.8,139964
50607.9,148504
50637.9,148361
50632.5,101914
50647.8,140277
50650.9,100596
50665.3,143631
50667.2,139090
50722.7,147620
50697,112237
50698.6,144188
50705.8,139922
50730.4,138964
50740.9,107329
50752.6,111796
50752.6,138684
50792.2,142429
50801.1,146888
50772.6,146571
50777.4,140818
50786.4,142799
50790.1,143489
50806,137748
50837,113890
50836.8,141082
50860.7,107293
50869.2,148439
50881.9,102261
50861.4,137660
50894.7,137807
50919.7,142226
50916,151414
50929.5,151723
50930.2,146602
50868.7,139442
50925.5,143117
50947.5,99311.8
50967.5,143047
50966.1,136573
50956.6,152558
51007.6,135835
51048.7,152608
51001.6,101627
51008.4,150062
51017.5,135142
51075.8,151999
51076.8,143278
51060.9,149801
51059.3,140877
51084.6,108239
51075.3,150793
51079,151529
51087.3,103109
51125.4,141921
51088.1,141652
51121.8,136603
51101.4,98914.1
51108.5,105999
51129.1,145134
51127.3,149671
51114.2,150031
51123.6,152876
51142,114061
51126.8,136288
51096.6,141486
51154.7,151707
51172.1,107023
51177.1,143751
51164.7,133752
51158.5,149797
51174.5,150819
51178.4,134969
51183.2,139534
51188,139645
51216.2,112689
51229.3,103454
51213.9,106826
51234.6,101045
51231,113857
51239.9,147855
51264.8,150686
51240.9,112551
51342.2,98698.2
51316.3,147153
51323,150408
51328.3,105912
51289.1,134073
51345.1,97036
51358.4,105826
51368.6,140835
51385.4,103383
51377.2,144146
51346.8,113798
51364.2,104852
51384.5,112824
51410.8,142215
51413.1,142849
51410.4,145220
51402.2,136568
51389.2,151170
51407.1,133959
51409.6,141247
51421.7,150292
51489.5,134678
51474.5,106521
51463.3,144520
51463.9,113431
51455.1,143197
51477.5,141213
51475.5,138321
51462.8,135149
51536.5,138949
51548.5,137949
51550.4,142911
51584.6,136800
51585.8,140122
51609,99559
51575.8,140287
51558,97056.8
51569.3,98392.3
51581.2,108155
51599.2,106036
51592.5,114120
51596.9,142726
51585.7,142323
51618.6,113710
51625.9,151333
51636.2,149566
51669.3,101421
51656,141800
51737.5,108614
51718.3,115222
51660.4,152236
51686.7,147234
51702.6,114634
51692.9,108358
51683.1,140381
51685.7,140974
51708.3,110173
51735.1,143461
51731,141918
51716.5,140527
51745.8,140770
51737.4,141684
51770.9,136182
51784.7,150063
51808.7,145952
51826.2,151610
51802.9,116233
51817.8,151858
51844.8,102307
51846.6,142133
51898.6,147607
51893.9,140638
51840.2,143702
51849.2,152591
51943.5,143920
51956.6,143183
51940.2,151049
51923.8,102716
51994.4,99935.8
51956.1,145084
51943.2,150401
51982.1,116519
52000.1,141540
51985.1,140771
51983.4,134755
52014.5,149131
52033.6,143572
52026.2,149702
52060.6,139955
52039.3,137438
52052.6,116075
52057.8,136018
52020.1,147400
52110.5,98635.3
52033.8,143757
52062.4,107962
52072.6,143692
52104.8,114507
52092.4,101214
52108.4,140498
52140.6,99002.8
52137.9,144550
52156.1,116591
52158.5,137379
52163.1,149049
52160.2,144922
52214.6,143033
52216.6,143333
52229.9,102418
52211.1,148549
52244,149277
52261.7,145093
52256.2,99979.6
52271.1,137412
52258.8,150488
52262.4,136322
52281.6,150043
52267.9,144881
52287.1,134630
52255.3,112017
52267.9,108873
52300.9,138458
52305.2,144512
52290.1,149038
52328.4,141155
52285,150726
52304.7,112820
52311.7,150166
52372.2,108188
52325.7,141545
52338.6,137795
52365.8,141646
52386.8,152215
52372.5,108955
52387.1,101573
52405,149044
52370,150481
52384.2,144879
52390.2,104167
52430.9,112223
52448.7,116023
52451.4,109134
52437.1,143226
52458.4,137007
52426.1,138010
52478.1,150469
52474.5,103414
52503.5,152009
52484,112147
52512.8,142182
52435.6,141759
52492.9,115378
52489.1,105359
52481.4,108584
52518.2,137809
52495,114688
52520.9,115253
52513.9,137246
52499.8,144820
52532.1,149464
52519.2,143558
52542.7,100457
52549.2,143451
52578.8,136769
52566.3,151120
52584.6,134857
52571.2,117483
52580.4,140584
52591.5,107498
52607.9,134628
52600.2,149242
52586.5,141019
52606.6,97497
52599.1,109197
52624,100577
52583.2,112544
52596.6,108633
52609.9,144733
52608.8,141126
52633.2,100238
52650.9,137217
52636.1,140016
52693.7,116492
52663.7,112606
52679.1,102633
52711,97707.7
52719,103119
52729.3,136956
52698.5,134703
52711.2,98376.7
52691.5,116090
52732.8,140834
52737.3,104791
52752.5,151930
52764.3,139503
52782.6,139064
52788,142131
52747.1,138836
52771.9,151198
52789.9,96813.5
52797.5,100761
52810.2,134784
52796.8,134677
52850.4,149930
52822.8,142279
52853.9,116345
52840.3,105221
52868.9,141813
52845.4,138758
52833.9,144887
52837.6,139985
52838.1,151294
52877.2,114784
52881.3,95090.4
52865.9,115084
52912.6,140249
52915.5,137296
52906.7,98948.3
52912.2,115682
52935.4,152260
52937,149686
52924.8,139434
52930.8,142143
52947.8,138171
52967.1,140009
52947.8,138857
52947.3,149028
52952.5,143402
52950.4,115596
52976.2,138023
52984.4,140563
52996.5,142288
53006.3,143534
53002.2,138737
52987.1,142743
52964.2,98286.6
53015.8,145079
52989.8,116538
52998.4,144055
53016.6,135570
53029.9,106225
53043.7,134769
53070.8,143937
53035.9,140205
53079.3,136418
53060.2,134939
53097.8,135072
53105.3,104070
53140.8,140130
53119.2,136180
53124.5,100812
53084,102128
53126,148880
53114.3,139699
53118.5,144390
53132.7,143135
53134.7,143278
53128.9,148187
53118.2,143666
53149.4,117419
53169.1,105788
53164.3,142829
53151,144084
53224.4,101532
53195.9,138040
53203.5,99817.4
53233.5,117597
53195.6,142449
53231.8,145159
53230.8,143579
53248.1,137915
53249.5,151352
53259.5,142104
53235.1,137748
53221.9,148358
53269.6,142221
53277.4,116925
53292.1,150620
53262.8,95274.9
53308.3,138094
53287.6,105684
53282,96772.6
53310.3,144661
53329.4,100834
53335.2,106529
53343.2,106943
53345,144088
53370.1,141776
53335.2,99364.2
53376.2,117173
53370.2,101361
53379.3,99817.2
53369.5,142506
53380,137483
53401.4,103166
53389.5,142350
53401.3,140583
53385.7,142954
53457.4,142272
53456.4,106423
53437.1,137749
53458.9,136054
53444.9,142143
53446.8,140907
53461.6,97892.9
53456.6,142589
53476,106234
53421.9,144385
53443,143194
53492.2,107654
53485.3,140749
53465.2,144823
53468.7,115782
53483,115947
53480.6,141376
53499.8,149041
53525.5,151986
53479.4,135662
53512.7,139994
53541.9,143519
53520.4,136587
53527.3,116968
53511.7,136302
53583.8,139651
53565.2,113117
53560.4,119936
53538.1,96043.5
53574.1,136175
53546.6,144411
53575.3,138822
53574.7,113229
53602.5,141879
53586.2,144544
53575.1,137069
53550.8,142611
53602,137775
53562.7,144300
53625.9,108289
53614.4,150727
53624.3,142725
53581.2,100447
53626.9,141557
53588.9,116463
53631.6,142617
53669.6,144910
53608.8,148892
53676.3,106777
53660.8,136458
53685.4,149009
53681.5,150916
53705.8,147621
53714.2,101469
53705,147314
53698,103752
53741.5,116178
53720.8,136184
53727.4,95851.4
53676.7,144540
53707.9,135869
53705.7,135302
53738.7,146906
53727.7,100879
53724,144437
53730.8,145874
53767.9,104300
53772.8,136351
53760.6,141326
53792.4,143382
53754.9,106067
53790.7,138109
53783.7,97304.1
53783.6,137075
53792,136759
53805.8,137961
53855.1,143774
53862.5,144613
53857.4,116089
53862.6,105604
53886.6,137294
53901.2,111085
53899.9,98810.2
53943.9,98717.2
53926,137150
53946.4,120180
53943.8,100872
53928,143091
53961.3,143938
53972,95449.2
53956.7,103580
53957.6,139894
53953.6,148834
53990.1,107856
53937.4,115517
53959.6,140455
53981.8,97214.7
54005.3,148923
54016.9,118954
53989,147674
54001.3,116467
53994,135708
53990.5,137320
54003.8,141359
53991.6,143632
54035.9,143784
54039.4,139976
54091.8,141583
54062.9,138153
54092.8,105890
54068.7,104328
54092.5,150577
54084.7,136872
54130.9,137943
54132.7,136627
54114,140474
54151.1,105528
54128.8,138489
54163.8,144828
54126.5,137397
54145.2,106147
54121,101609
54177.7,139421
54159.8,147574
54157.2,136438
54156.4,140871
54174,138288
54205.8,106493
54196.3,140292
54200.5,95957.2
54198.1,101477
54212,105806
54230,116597
54206.3,136119
54228.9,140172
54245,142536
54240,140442
54225.2,94597.9
54252.2,138455
54273.8,136831
54269.2,137782
54276.8,136022
54284,145298
54298.9,141162
54270.6,142128
54301,136705
54330.4,94548.6
54290.1,151264
54305.2,115569
54307.5,101617
54341.1,147817
54346.2,151164
54344.5,136102
54342,139243
54343.1,96353
54367.6,149485
54387.2,146618
54409.1,150864
54418.1,137784
54412,150633
54457.1,141927
54458.4,148894
54415.2,141129
54433.5,141520
54463.3,115796
54472.3,142060
54476.3,137585
54490.2,145046
54492.3,140377
54467.4,143521
54520.8,136410
54510.3,140047
54536.3,104408
54566.4,143289
54522.6,136571
54564.4,138004
54516.7,136110
54560.7,141309
54565.4,140511
54571.7,144803
54564.2,148148
54597.7,140877
54602.9,144291
54604.5,139691
54604.3,141074
54624.3,137226
54684.9,150930
54632.7,137614
54634.3,139870
54662.7,139404
54678.9,117372
54710.3,139094
54682.8,142536
54681.8,139270
54714,138806
54721.2,137859
54700.3,107317
54737.7,98184.8
54752.3,138405
54755.4,141418
54743.3,144057
54761.3,143689
54771,142981
54757.3,111591
54785.4,136848
54790.3,125127
54817.8,141284
54798.5,126150
54778,140078
54799.1,150289
54798.2,149848
54815,140445
54794.1,119117
54784.2,98475.8
54831.2,142287
54834.4,110968
54839.4,118044
54869.6,143299
54877.2,142187
54839.4,139382
54833,118159
54852.5,144018
54865.8,138971
54829.7,146446
54854.8,119060
54854.4,105659
54894.1,145127
54901.8,137032
54889.1,149893
54884.7,117616
54930.5,144277
54921.4,131688
54916.2,144164
54930.2,106449
54936.5,107921
54945.8,145230
54923,144775
54947.9,111025
54926.5,144408
54961.7,141178
54950.9,136556
54966.4,136882
54961.5,108095
54989.1,114304
54958.3,109045
54987.1,136778
54988.6,139890
54990.1,138966
55025.6,140090
54997.5,142245
55029.7,142358
55018.1,111794
55026.4,143977
55049.3,145728
55034.4,143055
55050,143688
55061.3,144550
55029.7,109772
55044,112035
55054.1,138448
55081.1,147582
55040,138823
55056.5,143360
55048.6,137798
55057.7,148717
55101,148391
55102.1,144058
55058.7,141764
55095.7,141196
55102,138931
55137.7,145449
55100.6,111855
55111.3,149499
55104.2,97373.3
55144.6,124207
55138,142083
55123.5,142198
55132.2,146430
55146.6,126630
55125.3,111121
55114,142377
55170.3,143402
55206,105028
55147.2,137306
55184.3,137219
55173.5,142505
55158.2,110332
55203.2,148742
55196.9,142340
55219,140731
55219.1,140885
55208.9,110592
55229,138342
55196.9,146226
55209.8,143259
55251.1,139327
55213.2,118015
55180.4,140562
55213,114187
55224.1,144489
55213.4,112280
55248.6,144611
55231.4,102680
55233.4,123313
55245.3,114905
55249.2,140567
55259.2,143806
55273.6,114706
55294.1,138794
55259.5,109532
55307.1,137275
55244.6,142528
55265.2,109859
55289.1,124213
55339.4,148630
55343.9,141432
55321.9,144217
55334.4,112168
55327.6,142160
55311.5,106180
55369.2,138038
55365.9,147206
55354.3,106267
55396,144697
55350.2,102861
55371,138235
55398.9,141794
55355.2,109648
55344.4,140708
55374.3,139480
55399.2,109291
55383.1,141248
55396.5,106710
55378.6,107171
55392.1,114023
55408.9,142487
55437.9,103716
55445.9,137903
55444.7,107542
55453.4,141159
55405.8,137181
55461.2,109795
55462.6,137256
55478.2,103595
55504.6,114096
55495,138556
55501.2,139445
55490.5,98431.4
55508.8,141650
55541.4,115075
55503.6,138033
55570.1,142951
55600.4,118774
55583,137966
55598.1,142256
55572.1,107820
55578.8,145194
55591.2,143168
55592.3,110388
55615,143068
55605.4,98485.5
55613.1,103845
55649.8,112029
55636.6,138614
55649,104348
55641.2,111596
55634.3,111783
55697.3,143266
55681.4,114659
55668.4,113920
55703.3,111849
55705,137456
55672.3,112201
55691.1,145263
55728,106329
55717.2,140089
55761.9,114173
55723.4,138017
55726.7,110427
55725.6,106454
55776.9,124706
55747.7,98834.5
55792.7,100474
55797.9,112369
55827.1,140245
55784.7,140713
55805.8,138154
55817,138455
55861.9,138102
55878.1,109075
55868.1,105404
55895.7,114308
55914,142677
55909.3,119950
55920.3,137644
55933.7,102356
55915.1,109319
55921.9,143014
55964.3,95964.4
55965.8,114414
55950,112184
55942.9,108202
55993.4,96735.6
55985.1,143402
56005.5,110911
55972.9,112424
56023.1,111071
55969.5,109286
56027.1,142860
56050.8,143521
56041.8,98057.3
56055,144874
56082.9,144505
56068.3,139444
56087.4,110448
56085.6,143231
56075.1,138859
56081.2,110694
56065.2,142619
56118.7,107246
56109.8,109231
56140.6,112659
56117.7,112785
56148.5,113834
56146,110010
56132.8,129030
56173.7,145049
56173.1,125674
56192,114745
56217.2,105741
56200.1,143517
56255.9,143453
56252.1,120741
56274.2,110381
56297.5,106519
56380.1,112444
56330.6,107165
56384.7,100470
56367.9,126618
56393.1,110408
56443.9,131327
56446.6,125761
56435,110783
56491.6,127685
56489.6,114649
56494.3,102615
56508.1,109608
56523.2,123298
56562.5,112607
56537.5,103734
56577.1,111855
56569.5,98458.2
56633.9,118237
56586.5,132614
56598.1,104988
56658.3,114552
56625.7,127876
56650.7,106740
56706.7,124468
56712.6,116127
56722.6,116329
56749.7,95855.2
56757.2,110158
56734.3,107666
56758.7,114202
56799.6,107198
56797.3,109960
56852.7,98437.1
56834.4,132655
56812.2,125203
56848.2,113943
56833.4,108569
56869.1,112558
56875.6,104849
56890,116183
56875.4,102542
56973.5,119240
56963.3,130984
56929.2,107951
56974.8,132218
56985.2,131967
56991.9,130810
56990.2,113937
56993.1,102177
56978,106181
57047.9,114106
57022.9,114684
57085.1,102499
57118.3,108830
57084.1,107543
57098.2,108934
57117,96648.5
57159.3,114924
57162.7,112464
57142.3,107891
57158.1,104707
57174.8,112664
57214,109343
57199.8,114095
57227,103609
57241.2,115653
57233.4,110025
57239.6,106184
57266.5,114331
57295.4,116048
57298.1,117916
57326.5,104633
57351.8,115838
57307.2,113366
57325.1,114816
57327,118547
57339.8,109627
57350.2,111163
57371.5,118913
57366.2,133185
57383.5,103757
57364.6,98000.8
57390.2,114505
57441.2,133514
57460,119045
57478.3,105419
57510.4,115177
57559.6,116278
57518.2,115045
57622,110666
57601.4,97753.4
57580.7,130246
57636,125898
57592.5,114539
57628.2,114988
57640.5,111430
57625.9,104890
57717.3,98480
57680.3,109221
57755.8,102492
57742.7,111338
57728.9,116459
57755.8,120809
57766.5,98321.3
57763.9,104918
57804.4,109043
57807.3,105983
57821.7,111710
57819.2,107684
57857.1,113979
57850.6,113883
57894.1,116290
57900.9,134457
57886.2,105364
57901.1,128192
57902.2,118717
57918.7,109004
57926.9,117200
57949.4,106984
58023.5,109612
58020,113509
58016.5,119884
58027,102276
58081.2,115150
58078.5,109399
58053.8,105778
58100.5,129986
58078.8,133394
58107.7,95974.2
58149.9,99630.4
58178.2,121944
58213.7,124121
58251.3,117820
58251.4,112008
58285.1,114474
58279.7,108758
58321.8,120202
58301.4,96816.2
58345.1,97833
58301,106810
58308.3,115420
58345,110187
58382.4,109812
58387.5,103503
58411.8,102379
58456.4,107337
58503.6,106646
58475.4,113909
58512.8,114615
58533.7,124874
58510.3,110189
58505.9,108226
58524.5,104180
58537.5,107009
58593.6,102463
58569.3,110427
58616.7,125091
58567.8,131790
58589.3,99929.4
58622.3,134194
58645.9,134285
58659.9,109327
58687.4,132363
58654.7,99367.5
58743.9,104715
58771.1,113714
58774.4,101092
58757.1,134969
58818.9,106778
58837,112006
58842,105840
58857.3,109975
58848.6,118202
58871.3,115543
58868.9,106382
58898.3,107194
58936,103039
58949.4,109636
58949.1,97627.7
58953.9,113848
58962.3,125912
58958.6,109412
58978.3,107066
58993.1,116576
58987.8,118206
58962.2,124575
58982.8,119660
59064.1,129190
59051.1,119675
59051.5,124559
59063.2,102929
59047.8,106641
59066.3,134484
59042.1,121468
59084.9,106181
59103.9,108830
59118.9,112829
59143.1,105544
59169.7,109303
59152.2,124705
59160.2,105991
59178,110033
59206.7,110439
59192.1,130990
59218.1,124005
59214,124617
59230.6,105942
59238.3,122620
59283.6,109934
59287.2,127866
59299.3,115519
59291.1,123903
59302.4,108567
59309.3,107750
59300.4,121105
59342.1,125587
59293.5,122095
59319.4,102718
59382,122699
59428.7,127922
59417.6,123235
59402.9,109016
59377.4,102666
59438.6,113639
59448.5,102079
59462.9,126529
59459.3,116162
59479.3,111535
59497.9,107726
59456.5,122623
59521.2,126095
59525.1,106303
59513.5,124535
59534.3,105895
59524.3,109719
59537.5,121218
59511.2,106191
59571.8,119927
59600.5,104722
59591.5,125052
59620.6,126006
59630.2,107716
59639.7,120395
59644.4,108973
59660.7,106149
59675.3,100456
59675.2,122661
59738.8,135058
59752.3,131319
59766.9,109044
59813.4,118671
59817.6,117444
59778.6,118419
59825.5,138343
59839.2,135195
59860.2,104392
59862.1,109083
59864.8,101384
59866.2,111959
59873.9,105409
59904.8,110958
59948.8,98617.4
59902.9,108525
59935.4,125683
59931.5,102021
59975.8,105905
59966.3,117163
59996.9,136463
60041,130957
59999.7,106183
60015,123903
60056.8,110099
60023.2,128255
60033,102053
60070.7,108608
60064.7,97999.4
60048.3,107899
60091.1,117964
60123.5,115964
60179,100169
60115.2,107173
60163.2,126875
60145.1,122190
60182.8,107789
60140.6,100571
60203.2,116941
60175.6,104410
60192.6,112607
60215.7,104003
60274.6,111786
60232.8,127590
60223,135290
60230.1,109010
60282.6,108573
60256.2,109367
60269.4,107129
60245,127727
60242.8,119756
60262.7,114054
60311.2,106273
60314.6,107234
60370.1,105765
60380,133904
60389.9,107341
60411.4,101584
60429.8,103833
60404.7,106524
60430.9,103048
60407.9,131219
60454.5,105923
60436.7,118879
60441.8,106184
60467.6,134670
60464.6,114649
60452.7,108349
60518.6,110535
60517.4,113726
60502.4,115196
60529.9,109041
60527.1,102397
60550.7,115702
60545.9,121834
60570.2,105043
60563.1,108877
60569.5,101113
60571.8,134357
60581.8,114794
60610.6,134260
60622.6,102612
60618.9,111479
60641.2,126320
60645.4,133066
60669.9,120657
60690.5,135241
60670.2,105588
60740.4,119453
60768.2,104984
60772.6,106321
60720.4,118939
60749,130747
60731.8,111530
60738.9,106804
60755.2,103829
60770.5,104843
60785.1,124931
60829.3,110427
60807.2,132230
60833.6,104472
60837,107332
60874,107707
60879.4,105322
60921.3,134434
60946.1,123432
60940.6,106344
60938.7,109236
60964.3,107515
60969.5,115943
60976.7,109495
61035.5,130455
61000.3,101708
60987.7,105033
61012.2,104221
61007.5,105347
61038.6,112622
61047.9,105470
61053.1,132153
61070.6,112218
61077.4,103781
61080,104997
61094,112437
61106.2,110267
61113.8,110533
61153.9,104878
61135.3,113425
61152.8,108117
61163.9,103388
61176.1,119803
61251.4,105592
61220.6,134086
61200.3,126861
61227.7,102684
61251.3,102999
61267.5,102488
61284.3,120299
61276.5,104750
61321.3,135049
61288.7,123699
61325.9,126668
61331.3,108829
61311.5,109250
61332,115328
61340.9,135375
61355.4,111432
61371.8,133568
61385,120713
61364,108367
61382.5,105728
61384,104785
61432.4,134752
61426.8,106587
61416.4,106748
61435.2,125586
61418.5,116652
61466.3,123634
61461.8,103969
61456.2,124698
61468.5,122049
61473.9,101963
61460.6,124033
61457.1,103411
61503.9,104490
61499.1,115258
61514.4,118965
61551.2,134334
61527.2,103324
61555.9,113883
61561.7,106690
61582.7,110118
61599,105529
61628.6,104196
61619.7,100079
61625.5,128216
61647.5,138476
61678.3,111076
61737.1,128847
61740,109565
61755.9,105818
61744.4,121945
61783.8,106732
61776.3,118107
61808.5,132829
61834.1,94742.9
61804.1,125619
61827.6,134878
61833.4,105687
61836.2,133180
61845.3,136936
61830.8,111357
61851.5,106540
61884.4,127670
61886.4,138638
61861.2,126585
61879.8,104756
61852.6,126138
61877.4,127940
61939.9,132762
61941.8,123723
61924.9,105299
61923.1,117477
61983.6,110715
61961.6,125926
61986.2,112215
62008.4,132675
61970.7,111347
61970.1,136062
62005.1,128665
62005.1,131610
62010.8,133588
62013.6,133777
62030,138179
62015.2,99874.1
62031.7,134967
62057.5,132845
62011.9,107443
62040.2,132294
62023,107179
62033.8,118869
62079.1,107270
62050.9,134351
62087,106988
62062.2,103145
62090.7,136000
62075.7,136349
62092.1,106626
62147.2,121550
62136.2,124198
62114.5,122872
62127.4,135437
62141.8,135063
62141.7,98878.2
62135.4,134854
62156.2,134268
62165.2,127326
62140.3,133056
62111.3,133647
62155.9,138074
62153.2,133592
62216.9,133313
62162.7,100846
62209.2,107888
62231.8,136438
62228.7,135195
62246.7,108745
62280.6,108071
62311.6,131050
62305.6,109101
62325.3,112636
62265.9,104304
62345.4,101488
62311.2,99610.4
62346.1,115934
62318.9,117095
62349.1,119167
62371.2,135501
62384.5,113736
62347.3,115552
62391.9,138263
62387.3,132599
62380.5,133284
62416.8,101280
62403.7,110271
62459.8,136214
62425.1,137650
62436.9,114647
62465.9,111162
62498.4,110211
62496.8,138899
62529.9,99166.6
62536.4,124856
62518.6,135333
62511.6,134002
62568.6,131183
62524,134459
62574,122233
62612.6,133925
62583.4,132967
62614,113830
62635.5,107666
62658.4,106817
62638.1,104153
62658,104010
62647.6,128591
62636.3,108771
62689.9,122781
62688,134460
62705.5,106978
62705.5,108335
62708.7,100896
62699.6,131070
62726.8,124969
62729.8,124030
62752.5,110183
62764.6,134572
62790.8,101042
62765.4,105847
62724.3,139137
62786.3,134747
62769.7,132857
62850.1,106696
62792.3,132421
62817.9,103062
62841.6,135304
62843.4,99849.1
62818.6,131604
62882.6,106593
62856.3,105351
62891.3,132426
62886.6,139255
62885.2,133676
62879.2,133576
62897.5,111182
62916.2,108349
62896,134802
62925.3,126573
62912.3,109802
62919.1,120902
62917.5,99259.8
62912.4,133782
62940.4,110091
62956.5,131972
62926.3,132610
62947.5,137005
62968.4,126040
62977.6,131737
63013.6,116302
62990.3,101326
62983.5,127785
63035.7,137304
63006.5,133259
63041.3,138989
63054.6,131913
63077.1,135842
63066.2,137539
63064,128250
63068.5,127988
63098.2,120931
63131.6,100553
63118.2,126192
63138.1,138642
63133.8,129380
63155.4,136056
63179.5,133009
63185,137658
63168.5,131823
63176,113942
63228.6,104391
63191.2,105025
63220.8,137448
63218.2,105843
63241.9,132433
63229.4,107177
63229.1,133332
63250.9,121633
63250.8,102243
63261.4,132661
63286.5,118155
63256.3,133091
63283.1,116254
63298.3,121793
63273.2,125729
63303.1,133401
63314.2,137953
63331.8,138882
63276.2,100772
63317.5,118984
63346.4,128375
63342.1,136488
63365.9,128644
63346.9,138769
63320.4,107799
63374.9,121088
63393.1,115077
63389.4,123740
63404.1,138214
63397,132045
63401.4,130945
63379.8,137156
63415.7,135519
63424.9,130736
63404.1,135725
63412.5,107169
63443.4,114393
63454.2,123344
63445.2,137115
63454.3,124046
63483.9,103734
63459.6,105295
63486.4,116319
63513,107158
63480.7,121047
63534.8,133235
63512.9,139429
63500.5,127658
63567.3,107434
63548.3,106921
63566.4,104357
63562.6,139259
63572.4,128675
63586.8,110092
63549.1,115339
63592.9,121093
63595.9,106516
63625.8,115044
63634.3,110732
63614.9,105366
63646.1,133023
63622.7,132419
63644.9,111307
63658.4,128193
63664.2,135724
63694.4,122877
63703.5,129309
63694.3,136656
63687.3,126733
63740.3,125626
63756,136870
63753,104498
63765.2,124271
63725.3,132436
63757.3,137907
63760.8,105900
63777.4,136600
63785.3,110073
63774.8,105716
63772.3,123266
63795.2,122948
63791.4,131731
63802.4,130797
63825.9,102975
63825.9,132092
63856.9,107698
63830.9,127560
63876.3,105483
63865,133555
63905,126430
63896.3,136495
63898.5,114605
63900.8,105936
63900.5,136596
63916.5,124534
63906.8,138702
63905.8,104827
63898.1,114739
63908.3,134474
63946.6,130361
63928.6,105675
63934.8,102611
63949.1,101339
63958.2,122486
64005.1,116703
63999.3,119744
63998.7,109407
63994.2,133402
64006.8,106305
64058.4,131136
64023,114220
64065,136747
64046.3,105539
64086.2,107088
64085.8,103518
64068.8,121252
64080.2,101355
64056.9,109474
64075.5,109344
64158.6,106980
64127,107721
64122,133352
64180.8,103278
64173,133602
64199.6,134986
64197.3,135322
64232.3,133141
64263.8,133408
64240.4,139355
64242,132918
64273.2,130662
64255.5,124209
64272,103585
64298.7,134523
64266.1,132296
64296.9,108960
64347.2,134222
64339.5,112545
64349.2,121581
64347.2,120800
64364,109428
64376.4,111944
64377.8,104039
64366.6,132316
64416.4,125004
64436.8,138591
64415,126954
64408.9,106415
64473.4,129650
64439.5,132491
64431.6,138173
64443.7,120060
64489.9,109742
64514.4,103440
64524.6,109029
64522.4,121350
64551.7,124429
64539.5,128533
64550.2,134162
64543.2,115978
64571.2,106756
64565.3,125358
64600.5,116356
64575.6,111248
64611.8,124697
64593.1,135211
64627.2,133529
64605.6,124590
64656.1,136675
64648.5,108370
64686.2,106960
64657.9,114296
64671.3,127689
64676.1,122626
64662.6,114790
64703.8,112459
64714.7,110704
64714.2,121530
64701.2,121955
64668.6,113414
64689.1,132571
64709.5,123330
64747,131757
64759.7,129171
64729.5,134440
64768.4,106758
64782.6,130742
64752.9,134227
64742.2,137491
64747.2,129480
64776.1,133370
64800.1,131215
64764.4,133761
64854.3,133529
64825.5,136011
64848.9,136488
64821.9,122145
64818.8,136942
64857.4,135490
64826.2,123330
64895.1,131894
64884.6,133381
64895.2,111144
64901.4,131035
64887.8,130901
64910.6,137363
64918.1,104075
64918.5,101121
64960.1,137951
65003,138590
64986.3,113791
65009.5,133043
65013.2,136770
65016.3,135829
65070.1,128248
65038.1,126478
65086,104348
65127.7,133312
65107.1,121634
65084.5,120993
65090.9,123814
65141.7,101826
65130.2,118109
65115.1,110864
65173.5,131494
65154.6,101922
65183.9,108479
65214.4,113121
65200.9,114312
65225.3,131951
65241.9,132211
65246.4,131091
65271.4,123445
65270.9,109477
65258.1,130949
65318.6,139818
65316.8,129685
65313.5,135509
65321.9,102789
65333.6,133862
65368.5,130385
65393.7,138083
65397.6,138308
65414,131869
65397.9,104711
65420.2,118772
65387,124630
65444.1,127510
65479.6,115304
65449.9,130432
65488.5,134979
65494.8,112722
65533.2,128216
65519.2,139225
65588.1,127694
65576.2,124877
65576.3,117852
65581.9,122763
65609.9,120079
65629.9,129312
65578.7,139511
65614.1,109516
65607.9,121201
65617.2,123108
65636.6,109252
65654.4,137800
65629.8,128405
65660.1,122864
65694.3,135271
65717,107213
65704.6,134491
65747.7,123323
65764.7,132030
65767.7,140128
65771.6,105807
65785.6,104517
65776.8,108220
65786.7,132454
65795.1,110917
65792.8,129593
65838.8,122877
65821.8,107517
65869.5,122717
65836.1,104744
65894.5,120952
65910.6,107164
65901.9,118871
65946.5,114908
65943.5,132909
65961.7,134780
65952.1,112065
65949.3,109114
65978.6,133335
66002.8,124441
65979.9,132212
66088.3,108431
66067.5,134250
66069.9,137068
66109.5,121132
66079.8,136114
66135,128464
66131.6,132840
66166.3,105781
66140.2,111638
66180.6,132728
66220.7,116108
66253.9,106947
66234.1,139598
66249.7,124216
66216.4,139732
66266.8,118496
66228.7,124744
66264.3,114349
66225,132977
66283.5,125355
66300.6,139261
66322,134885
66354.1,105022
66395.2,126968
66382.1,130289
66414.3,123061
66454.2,105927
66443,115648
66480,134774
66494.3,112717
66512.4,122941
66518.6,139853
66535.5,112011
66602.3,120262
66594,138834
66561.2,136682
66564.8,116675
66642.5,136855
66656,138411
66717.3,108660
66721.4,115452
66754.1,136179
66797.9,134599
66776.5,121407
66825.9,128893
66830.7,112642
66863.3,118070
66866.9,108570
66923.4,115684
66960.2,137566
66979.8,130362
66989.5,110402
67000.6,121981
67037.8,126849
67126.5,113839
67182.7,122196
67227.8,130422
67225.1,128354
67230.4,111731
67215.6,137435
67247.2,110465
67263.6,115428
67250.2,139239
67308.1,104671
67297.4,139398
67320.5,123957
67349.3,120440
67372.9,105846
67381.8,137592
67519.7,139283
67594.9,114586
67587.5,110459
67602.6,136519
67608.3,134419
67598.7,111356
67634.5,115290
67677.5,123525
67659.5,104622
67727.5,135484
67761.3,133385
67777.6,135850
67842.5,119661
67892.6,110874
67973.6,127779
67958.6,117169
67932.2,121847
67961.5,122067
68015.5,134966
68065.3,134395
68085.2,111309
68121.8,123626
68143.9,138878
68215.2,134592
68194,127483
68224.2,137333
68246.7,133788
68245.1,104935
68229.9,122738
68244.5,135175
68319.4,113592
68353.4,134370
68337,117320
68327.2,110762
68392.4,109218
68380.5,135888
68401.3,109460
68406.4,113568
68445.9,132243
68450.1,137101
68457.5,133885
68508.2,116084
68570.9,114296
68562.3,140990
68698.6,117166
68665.1,132086
68704.3,134757
68738.6,140650
68725.6,116049
68762,141803
68816.8,120619
68811.6,110269
68782.3,117921
68797.6,133929
68852.5,126867
68885.3,140507
68882.5,134695
68846.5,121475
68868.1,127396
68930.9,123828
68919.5,123700
68953.2,120853
68957.2,138282
68999.3,127464
69045.2,123319
69018,135467
69074.9,123971
69025.1,124463
69048.3,115055
69056.3,117135
69056,120557
69108.2,135353
69075.2,134752
69071.9,120863
69087.2,137866
69105.6,115557
69114,115959
69121.6,133110
69133.4,117003
69178.6,128639
69226.6,134130
69235.6,127230
69241.9,126421
69288,141645
69263.4,135595
69258.6,128623
69269.9,114253
69280.6,136704
69304.3,134023
69282.8,141873
69314.8,141419
69356.8,122167
69428.4,140156
69438.5,110038
69473.3,139593
69449.6,141915
69462.6,109218
69509.7,139213
69551,115292
69544.3,133326
69535.4,138472
69541.4,119864
69586.8,109216
69568.4,141899
69613.1,127533
69593.2,131376
69656,141370
69652.7,134711
69656.3,112178
69669,123670
69682.5,140979
69712.3,109113
69707.9,121049
69729.6,138290
69776.5,133807
69761.5,139677
69754,112805
69767.4,135792
69757.4,123402
69804.4,135416
69831.6,134341
69858.6,112567
69811.6,135061
69942.1,128866
69997.5,119701
70009.8,119557
70013,138854
70000.7,140495
70089.8,123358
70032.4,114063
70057.8,116699
70089.8,132461
70123.7,142975
70131,135190
70122.3,115139
70159.4,109578
70172,139430
70221.5,137025
70197.1,133462
70221.5,125015
70222.6,117105
70278.5,133141
70295.6,141289
70294.7,137644
70283.7,128597
70293.5,137272
70300.7,140872
70325.2,140383
70342.3,116826
70339.4,140255
70370.3,111548
70379.3,137390
70411.5,124462
70458.5,119753
70439.9,141036
70451.7,136671
70512.3,133116
70482.5,134545
70487.6,138951
70521.9,140973
70511.1,115982
70503.7,134048
70528.9,134864
70545.9,140799
70579.7,135382
70551.4,135231
70599.1,112373
70649.1,139128
70639.1,136126
70694.2,118725
70742.6,123575
70731.1,114214
70752.1,143696
70780.4,136277
70778.2,111760
70775,116672
70794.2,134124
70818.2,134375
70835.9,143068
70899.5,113358
70910.6,135703
70925.3,112361
70961,123928
70946.2,119266
70939.5,119148
70964.9,135795
70975,141292
71005,139586
70966.8,118546
70980.7,140956
71002.4,135126
71004.5,112229
71012.5,113603
71003.5,143328
71012.5,113760
71052.1,135460
71063,138698
71060.6,113215
71121.8,113749
71133.3,143559
71192,125809
71179.8,114717
71245.5,120056
71252.1,110660
71248.5,110819
71242.5,112016
71242.7,114747
71261.3,134126
71293.4,119471
71285.4,116077
71303,132130
71335.2,114644
71318.7,123662
71331.3,141541
71337.2,127095
71359.7,115433
71389.7,138462
71375.7,111994
71388.7,118380
71402.5,136950
71514.6,137783
71559.8,114488
71560.7,112912
71558.5,140680
71555.9,134416
71575.2,135878
71558.6,138570
71603.8,118942
71606.2,136136
71610.9,134726
71625.6,135678
71671.7,115324
71655,135993
71644.7,118518
71700.4,114424
71690.1,139691
71721.8,134615
71701.9,134203
71756.3,129373
71776,135045
71794.1,132401
71802.4,141038
71811.5,136226
71797.9,141374
71824.8,139815
71840.4,113570
71801.9,136043
71837.8,115201
71847.4,134558
71881.9,119150
71873,134277
71888,136179
71870.4,132311
71877.8,138899
71909.2,134843
71927.7,142836
71910.2,117143
71960.3,121158
71987.6,121036
71953.3,119233
71934.2,134713
71955.4,135740
71950.5,138157
72005.7,135143
72007.8,128943
71996.4,118627
72031.2,117166
72044.2,115430
72058.6,131069
72050.4,131458
72033.6,138807
72053.6,139667
72085.8,140245
72064.5,118543
72138.2,123477
72211.9,111164
72207.6,136142
72207.6,139027
72251.6,135034
72252.7,144204
72270,135768
72285.7,141778
72250.4,144306
72296.2,136029
72333.2,145694
72324.2,114688
72338.6,115138
72371.3,120324
72377.1,110484
72380.2,121439
72369,111035
72358.2,121241
72393.2,140327
72413.9,143105
72400.3,132882
72401,135722
72410.6,117782
72437,141250
72428.4,120562
72435.2,135924
72428.6,112744
72492.9,141659
72487.6,111391
72514.1,136213
72532.6,130124
72516.9,145599
72521.8,136837
72532.3,112984
72522.6,120021
72584,135297
72533.7,121881
72599.2,120376
72587,135820
72591.1,131444
72620,124993
72587.9,111383
72655.5,111743
72617.7,131529
72667.8,120200
72663.9,141086
72734.2,137044
72720.7,115679
72750.5,137272
72754.1,136526
72779,124110
72801.1,120854
72778,145340
72785.6,142190
72798.7,113335
72832.5,135635
72836.5,129946
72860.1,142614
72837.2,123600
72870.4,133737
72851.5,135312
72872.5,124984
72910.3,144337
72914.8,118877
72909.5,144031
72940.8,120212
73014.3,133765
72991.5,122232
73011.9,113658
73053.8,123960
73032.2,140606
73001.7,133292
73058.6,131820
73077.6,135979
73063.8,137124
73065.8,135469
73110.6,134649
73100.8,144903
73130.8,120651
73152.6,111357
73157.4,136813
73154.1,137357
73162.1,137087
73196.4,116698
73196.5,136940
73193.7,111883
73209.7,131545
73179.6,124946
73192.8,143148
73244.2,136585
73218.1,119716
73236.1,120623
73270,135169
73247.3,134947
73269.2,136759
73243.1,138204
73245.5,138933
73281.3,129870
73285,114274
73292.7,140296
73322.1,139326
73324.6,140098
73313.2,113010
73347.5,114354
73363.4,130887
73388.1,114489
73370.7,110741
73402.1,135244
73405.6,112242
73389.5,129843
73442.5,137696
73426.4,144956
73438.5,133163
73454.6,111441
73451,110460
73492.7,141191
73480.3,110119
73546.9,122304
73519.7,143524
73555.9,137979
73513.9,137094
73560.7,142882
73612,143663
73580,107546
73558.8,134160
73594.3,114520
73608.4,135100
73623.5,112187
73679.2,138773
73650.3,143958
73644.6,111644
73685.4,143795
73730.9,140808
73724.5,123368
73764.1,113878
73742.6,115152
73750,119842
73780.3,114986
73816.2,133499
73790.9,117726
73857,136969
73820.8,122731
73864.5,134709
73850.6,117412
73867.4,133910
73886.3,135054
73868.9,119594
73889.2,133674
73897.6,145244
73900.9,133597
73871.2,140542
73946.4,140803
73927.4,141887
73940,130296
73936.1,144494
73954.3,135474
73981.2,138646
74024.3,122470
74021.3,133617
74061.3,136083
74058.3,136532
74084.9,134286
74084.4,135158
74104.4,139529
74131,140419
74090.9,129853
74128,137663
74098.9,122342
74126.8,126104
74133.9,144372
74144.6,144086
74186.2,131803
74184.4,138011
74197.6,108965
74225.8,119149
74252.2,135710
74248.2,144395
74303.2,116945
74287.9,129813
74311,140224
74340.8,128821
74292.6,115219
74308.6,135237
74314.2,117773
74305.3,120713
74295.9,138002
74369.2,112518
74352.8,117996
74366.9,135671
74398.5,110553
74431.3,136775
74401.7,140485
74427.9,120180
74427.8,135830
74449.4,135110
74428.7,142174
74459.5,121208
74467.4,143809
74473.3,118699
74452.6,113118
74490.3,136100
74550.1,139060
74538.3,138897
74569.3,108323
74565.5,127998
74537,135305
74553.1,143969
74550.1,134510
74589.6,134821
74594.3,135660
74618.3,120704
74600.8,115215
74625.6,135383
74692.1,115553
74698,131330
74698.2,121610
74714.7,138971
74726.4,114416
74688.3,133716
74726,116158
74716.1,134718
74733,144469
74773,129315
74769.8,132625
74772.6,134033
74765.4,129032
74777.7,139678
74764.4,133461
74836.4,141302
74826.7,129731
74809.2,134788
74817.1,133559
74831.4,142151
74840.6,119810
74851.3,143590
74847.1,137136
74849.7,122275
74828.2,135194
74879.7,141739
74876.8,119577
74882.5,140135
74949.1,142312
74952.9,117840
74921.7,134321
74964.6,135837
74981.4,138157
74991.6,142840
74958.8,140959
75001.2,126238
74994.1,130003
75005.4,129800
75019,134140
75102.5,133812
75052.6,136997
75068.6,131736
75077.4,120866
75118,131414
75150.8,131921
75154,117420
75171.7,126148
75219.5,137314
75324.2,136027
75310,132601
75316.4,129595
75293,137055
75295.6,129307
75390.4,116932
75373.6,126320
75402.9,131153
75401.5,118996
75451,117353
75474.4,132363
75476.6,118617
75432.6,113533
75475.3,129265
75463.6,139945
75511.7,118810
75511.6,131922
75565.1,110679
75577.1,134340
75579.1,113249
75566.8,141036
75583.9,136277
75563.2,120630
75620.6,119796
75678.2,115322
75708.6,120771
75685.1,130962
75707.3,124891
75718.8,108382
75690.2,120144
75736.4,136045
75735.8,137057
75711.4,130363
75734.6,119576
75764.5,116867
75798.6,125755
75792,125621
75856,130766
75865.1,138335
75871.8,119109
75920.3,136905
75962.1,116821
75951.2,112579
75935.5,118895
76002.2,109444
76068.8,118948
76065.8,135808
76098.2,120741
76067.1,137583
76079.2,139288
76101.8,131698
76132.6,133072
76144.5,140719
76137.1,120473
76198,131551
76215.1,135787
76245.5,136954
76217.2,123446
76268.5,133202
76254.3,128108
76239.5,137630
76297.1,137891
76302,127783
76306.6,141207
76292.8,117782
76349.8,136072
76345.4,119548
76378.1,134605
76391.7,144744
76401.8,114838
76409.2,117467
76391.4,122692
76439.4,113123
76427.6,135967
76405.8,120475
76463.4,118846
76455.2,119929
76454.9,143476
76439.1,139254
76513.2,133624
76516.6,130215
76593.2,134849
76575,123674
76581.1,114116
76588.4,136917
76610.8,128169
76614.1,125870
76666.9,114845
76689.9,133730
76668.1,143261
76651.1,118073
76716.6,111601
76733.1,141456
76763.7,130781
76775.9,132403
76754.9,128754
76832.6,140328
76890.2,136499
76892.8,111445
76936.8,141658
76905,138466
76928,114569
76951.8,135054
76959.3,120652
77013.2,115732
76974.6,132970
77022.8,134196
76997.2,118679
77008.7,125920
77042.1,140565
77049.9,129683
77052,108074
77065.4,135122
77126.4,118049
77151.2,140300
77097.4,134892
77132,115210
77127,140424
77139.6,136016
77127.9,123139
77175.3,140668
77198.4,144050
77209.4,131453
77224.2,135941
77273.6,137375
77327,132954
77363.9,139154
77360.6,110634
77354.9,131425
77389.6,137500
77398.4,132372
77433.5,114646
77420.4,133079
77497.6,120454
77501.3,124656
77500.5,114787
77517.5,132138
77514.9,119111
77571.3,125238
77571.1,125120
77603.8,141164
77634.6,123521
77662.5,124783
77713,130811
77685.2,114775
77726,132388
77742,129439
77769.8,134777
77809.2,141585
77783.6,128761
77809,119018
77822.4,121310
77804.8,122754
77812,129264
77894.7,130060
77964.2,142481
77956,117577
77956,130219
77981.2,131837
78013.5,123366
77994.5,128568
77996.2,124081
78023.7,134037
78030.1,135877
78011.3,125856
78144.2,116316
78113.7,116232
78130.2,116643
78163.4,119338
78200.8,124648
78221.1,111918
78210.9,138149
78275.4,127089
78298.6,133593
78299.8,114691
78437.4,118882
78460.1,121277
78449.2,139623
78480.1,132472
78497.1,129486
78467.2,119610
78529.5,117457
78561,133935
78549.7,131974
78606.5,130185
78574.4,119947
78598.4,116441
78657.8,116581
78724,130895
78679.5,133523
78724.7,130005
78724.4,141728
78742,132486
78756.7,129641
78777.4,135907
78784.2,115022
78848,132830
78870.3,142970
78881.7,129568
78897.6,130268
78904.2,139061
78903,134793
78947.2,110147
78962.8,113864
78932.4,116459
79010.3,130124
79011.4,132627
79065.8,124063
79096,126080
79075.6,116592
79114.7,137713
79062.9,134113
79089.2,135227
79150.9,123973
79134.4,119981
79167.9,130244
79177.1,135065
79178.5,141857
79175.5,135328
79209.8,126997
79291.3,114118
79289.4,133360
79268.4,141105
79300.2,138866
79332.9,115843
79340.1,119277
79391.4,140003
79390.8,140302
79454,127295
79411.1,118519
79469.6,135046
79516.3,110788
79547.2,133839
79651.1,122942
79677.3,128780
79705.6,125569
79758.6,115916
79782.1,124514
79806,115798
79812,126385
79866.8,118344
79891.2,116284
79936.3,126111
79965.9,136709
79951.7,117389
79960.6,121844
79965.1,119321
79978.5,127508
80061.2,120095
80066.1,140830
80025.1,125994
80079.5,113952
80052.1,137579
80115,133692
80118.1,130979
80174.1,129890
80171.5,117454
80182.5,118537
80186.9,112886
80286.3,135544
80266.6,133269
80277.6,129492
80289.1,113991
80354.2,130947
80344.2,128923
80350.1,139501
80397.5,140062
80383.7,114336
80413.9,140838
80398.7,133219
80472.1,124960
80431.5,135866
80491.2,135740
80476.9,134986
80510.6,109672
80548.1,128600
80569.4,116511
80588.2,141035
80585.1,111811
80609.6,134511
80642.5,137047
80653.2,122129
80671.2,140318
80717.5,136200
80716.4,124318
80732,112013
80733.8,132433
80747.4,131540
80816,131892
80858.9,118479
80844.9,135659
80901.8,113888
80901.3,119860
80928.1,133901
80961.1,131109
80988.8,121627
81017.6,138388
81005.4,135151
81038.3,133496
81073.4,114883
81092.5,139760
81130.1,136131
81116.9,110288
81152.2,139084
81259,119270
81246,120121
81223.5,134636
81257.3,122754
81286.6,141407
81315.8,140379
81284.6,136912
81273.2,133376
81295.3,137526
81321.2,140790
81362.3,132554
81411.3,113725
81398.9,122940
81408.7,138005
81402.2,140279
81413.7,113491
81440.9,120476
81486.1,118456
81512.9,130474
81545.6,137409
81622.8,118730
81588.9,137626
81665.8,130605
81720,134486
81754.4,121219
81765.6,118929
81790.8,118828
81820.2,132810
81826.6,116818
81846.3,116527
81830.6,128121
81813.2,135634
81819.1,137791
81911.8,119939
81914.9,120062
81929,124484
81943.8,110260
81966.6,136756
81970.4,139481
82090.1,111877
82118.6,133715
82106.3,137256
82160.8,136492
82190.6,128137
82175.4,127868
82251.8,138465
82261.3,137105
82283.5,134730
82384.9,116014
82469.2,119420
82524,140143
82552,128721
82608.7,117481
82618.4,118626
82620.9,140116
82664.1,121775
82630.9,132730
82658.8,134825
82705.8,141010
82775.1,113954
82822.1,124949
82824.1,127409
82869.3,136343
82978.2,111881
82985.7,122136
83018.1,114660
83007.4,139143
83031.1,138941
83121.7,133165
83149,140091
83214,133478
83245.2,127060
83312.5,132190
83319.9,129070
83374.3,131368
83370.7,114865
83411,130632
83419.8,135270
83427.1,125495
83446,127632
83523.2,126501
83643.7,130692
83651.6,127735
83705.3,132139
83718,118724
83737.5,113997
83742.7,138382
83748.7,133347
83821.3,127774
83871.2,118676
83903.3,119529
83887.5,115211
83883.4,136893
83960.6,131499
83933.4,122658
84024.5,127020
84041.6,126364
84069.4,114434
84091.3,131617
84170.8,131092
84223.9,117356
84385.3,134541
84412.8,133137
84480.3,121881
84519.9,135371
84569,122933
84618.7,113590
84620.9,123556
84610.5,113828
84605.7,135083
84620.6,135357
84641.8,133811
84715.1,119810
84746.5,124584
84762.7,126000
84824.9,118432
84853.7,129074
84857.6,127765
84977.5,129352
85010.3,132474
85017,113969
85041.7,119026
85055.6,134874
85044.5,127977
85162.9,111745
85189.4,125870
85232,112582
85247.6,129905
85252.8,111422
85282.3,129568
85332.2,137108
85382.3,122341
85475.4,117874
85494.4,122682
85442.5,132009
85456.1,111975
85547.2,125633
85551,129785
85590.8,124527
85654.8,129608
85635.6,130672
85656,126008
85696.9,122369
85746.6,129042
85784.2,128899
85763.5,134850
85816.1,118097
85843.5,123724
85849,128621
85918.3,112640
85937.7,121127
85960.9,112536
85947,128239
85994.6,128479
86079.9,112585
86114.1,134282
86143.4,136281
86252.5,137021
86291,116883
86250.2,136222
86358.6,131602
86363.4,132749
86541.2,129244
86570.3,118779
86594.8,112788
86648.4,129221
86701,130465
86664.2,118571
86726.5,131232
86705.6,131949
86854.4,124013
86831,130387
86850.9,126067
86940.5,112910
87002.8,133631
87013.4,128645
87042.1,132604
87081.5,123702
87084.6,112450
87400.9,121114
87439.2,132724
87525,129189
87661.7,117889
87814.7,126239
87870.1,118264
87985.4,129961
88037.8,130023
88039.1,126709
88044.5,129657
88095.1,130253
88070.8,129885
88094.1,120638
88244.5,134425
88800.6,130303
